name,address,district,phone,website,services,price_range,rating,review_count,lat,lon,source
Fit & Beauty - Anna Ferska,"ul. Mroczna 7, 01-456, Warszawa",Bemowo,+48224009858,https://www.yelp.pl/biz/fit-a-beauty-anna-ferska-warszawa?adjust_creative=jzkWHrQ0ul6_pVxRueTMLg&utm_campaign=yelp_api_v3&utm_medium=api_v3_business_search&utm_source=jzkWHrQ0ul6_pVxRueTMLg,"Masaż, Makijażyści, Manikiur i pedikiur",,0.0,0,52.2394791,20.9342995,yelp:makeupartists
Instytut Urody Krępowieckiego10,"ul. Krępowieckiego 10/U13, Warszawa",Bemowo,+48516615179,https://www.yelp.pl/biz/instytut-urody-kr%C4%99powieckiego10-warszawa-2?adjust_creative=jzkWHrQ0ul6_pVxRueTMLg&utm_campaign=yelp_api_v3&utm_medium=api_v3_business_search&utm_source=jzkWHrQ0ul6_pVxRueTMLg,"Masaż, Manikiur i pedikiur, Pielęgnacja skóry",,0.0,0,52.23905,20.93672,yelp:skincare
Klinika Urody i Pięknej Sylwetki,"ul. Bolkowska 2A, 01-466, Warszawa",Bemowo,+48505934100,https://www.yelp.pl/biz/klinika-urody-i-pi%C4%99knej-sylwetki-warszawa?adjust_creative=jzkWHrQ0ul6_pVxRueTMLg&utm_campaign=yelp_api_v3&utm_medium=api_v3_business_search&utm_source=jzkWHrQ0ul6_pVxRueTMLg,"Manikiur i pedikiur, Masaż, Pielęgnacja skóry",,0.0,0,52.24062,20.91608,yelp:skincare
Motylem Jestem,"ul.Powstańców Śląskich 61, 01-355, Warszawa",Bemowo,+48226661049,https://www.yelp.pl/biz/motylem-jestem-warszawa?adjust_creative=jzkWHrQ0ul6_pVxRueTMLg&utm_campaign=yelp_api_v3&utm_medium=api_v3_business_search&utm_source=jzkWHrQ0ul6_pVxRueTMLg,"Makijażyści, Pielęgnacja skóry, Fryzjer",,3.0,3,52.2322388,20.91436,yelp:skincare+yelp
Salon Fryzjersko Kosmetyczny i Salon Fryzjerski Anna Sosińska,"ul. Radiowa 18, 01-485, Warszawa",Bemowo,+48226388132,https://www.yelp.pl/biz/salon-fryzjersko-kosmetyczny-i-salon-fryzjerski-anna-sosi%C5%84ska-warszawa?adjust_creative=jzkWHrQ0ul6_pVxRueTMLg&utm_campaign=yelp_api_v3&utm_medium=api_v3_business_search&utm_source=jzkWHrQ0ul6_pVxRueTMLg,"Fryzjer, Pielęgnacja skóry, Manikiur i pedikiur",,4.0,1,52.25013,20.9187,yelp:skincare
Salon Mistique,"ul. Górczewska 228B / 5, 01-460, Warszawa",Bemowo,+48224990882,https://www.yelp.pl/biz/salon-mistique-warszawa?adjust_creative=jzkWHrQ0ul6_pVxRueTMLg&utm_campaign=yelp_api_v3&utm_medium=api_v3_business_search&utm_source=jzkWHrQ0ul6_pVxRueTMLg,"Fryzjer, Makijażyści, Solarium",50–150 PLN,4.0,1,52.2404923823762,20.8980190589753,yelp:makeupartists
Stolmar,"ul. Wrocławska 8, 01-493, Warszawa",Bemowo,+48225321585,https://www.yelp.pl/biz/stolmar-warszawa-3?adjust_creative=jzkWHrQ0ul6_pVxRueTMLg&utm_campaign=yelp_api_v3&utm_medium=api_v3_business_search&utm_source=jzkWHrQ0ul6_pVxRueTMLg,Pielęgnacja skóry,,0.0,0,52.2478714,20.9168396,yelp:skincare
Studio Urody Magdalena Dzido,"Brązownicza 5 /  30, 01-929, Warszawa",Bemowo,+48224986605,https://www.yelp.pl/biz/studio-urody-magdalena-dzido-warszawa?adjust_creative=jzkWHrQ0ul6_pVxRueTMLg&utm_campaign=yelp_api_v3&utm_medium=api_v3_business_search&utm_source=jzkWHrQ0ul6_pVxRueTMLg,Balwierz,,0.0,0,52.2715607,20.92556,yelp:barbers
LaLa-Med Instytut Urody I Medycyny Estetycznej,"ul. Leona Berensona 13, 03-287, Warszawa",Białołęka,+48223085353,https://www.yelp.pl/biz/lala-med-instytut-urody-i-medycyny-estetycznej-warszawa?adjust_creative=jzkWHrQ0ul6_pVxRueTMLg&utm_campaign=yelp_api_v3&utm_medium=api_v3_business_search&utm_source=jzkWHrQ0ul6_pVxRueTMLg,"Pielęgnacja skóry, Depilacja laserowa, Fryzjer",,0.0,0,52.32479,21.05604,yelp:skincare
Salon Urody Sylwia Sylwia Modzelan Czaplicka,"Głębocka 82, 03-287, Warszawa",Białołęka,+48223531008,https://www.yelp.pl/biz/salon-urody-sylwia-sylwia-modzelan-czaplicka-warszawa?adjust_creative=jzkWHrQ0ul6_pVxRueTMLg&utm_campaign=yelp_api_v3&utm_medium=api_v3_business_search&utm_source=jzkWHrQ0ul6_pVxRueTMLg,"Wyroby skórzane, Balwierz",,0.0,0,52.3151207,21.0673904,yelp:barbers
Activ Beauty & Care Expert,"ul. Klaudyny 12, 01-684, Warszawa",Bielany,+48228330274,https://www.yelp.pl/biz/activ-beauty-a-care-expert-warszawa?adjust_creative=jzkWHrQ0ul6_pVxRueTMLg&utm_campaign=yelp_api_v3&utm_medium=api_v3_business_search&utm_source=jzkWHrQ0ul6_pVxRueTMLg,"Fryzjer, Pielęgnacja skóry, Manikiur i pedikiur",,3.0,1,52.28073,20.97565,yelp:skincare
Alchemia Piękna,"ul. Dantego 7, 01-914, Warszawa",Bielany,+48228359276,https://www.yelp.pl/biz/alchemia-pi%C4%99kna-warszawa?adjust_creative=jzkWHrQ0ul6_pVxRueTMLg&utm_campaign=yelp_api_v3&utm_medium=api_v3_business_search&utm_source=jzkWHrQ0ul6_pVxRueTMLg,"Pielęgnacja skóry, Fryzjer",do 50 PLN,3.0,1,52.2863083,20.9359398,yelp:skincare
As Plus - Niemirska Agnieszka Niemirska Magdalena,"ul. Słodowiec 8 /  69, 01-708, Warszawa",Bielany,+48224662370,https://www.yelp.pl/biz/as-plus-niemirska-agnieszka-niemirska-magdalena-warszawa?adjust_creative=jzkWHrQ0ul6_pVxRueTMLg&utm_campaign=yelp_api_v3&utm_medium=api_v3_business_search&utm_source=jzkWHrQ0ul6_pVxRueTMLg,"Pielęgnacja skóry, Fryzjer",,0.0,0,52.2744598,20.9624901,yelp:skincare
Elmak,"Williama Szekspira 4 /  348, 01-913, Warszawa",Bielany,+48228359225,https://www.yelp.pl/biz/elmak-warszawa-2?adjust_creative=jzkWHrQ0ul6_pVxRueTMLg&utm_campaign=yelp_api_v3&utm_medium=api_v3_business_search&utm_source=jzkWHrQ0ul6_pVxRueTMLg,"Specjaliści, Balwierz, Restauracje",,0.0,0,52.2862091,20.9342499,yelp:barbers
Estetyka Paweł Mazgajski Katarzyna Popek,"Józefa Mehoffera 68d, 03-131, Warszawa",Bielany,+48226372460,https://www.yelp.pl/biz/estetyka-pawe%C5%82-mazgajski-katarzyna-popek-warszawa?adjust_creative=jzkWHrQ0ul6_pVxRueTMLg&utm_campaign=yelp_api_v3&utm_medium=api_v3_business_search&utm_source=jzkWHrQ0ul6_pVxRueTMLg,Balwierz,,0.0,0,52.3316689,20.9575901,yelp:barbers
Fabryka Lalek,"ul. Adolfa Pilcha Doliny 2, 01-915, Warszawa",Bielany,+48606835587,https://www.yelp.pl/biz/fabryka-lalek-warszawa-3?adjust_creative=jzkWHrQ0ul6_pVxRueTMLg&utm_campaign=yelp_api_v3&utm_medium=api_v3_business_search&utm_source=jzkWHrQ0ul6_pVxRueTMLg,"Pielęgnacja skóry, Manikiur i pedikiur, Przedłużanie rzęs",50–150 PLN,5.0,1,52.2829332,20.9450426,yelp:skincare
Pracownia Fryzjersko Kosmetyczna Anna Krupiska,"Władysława Broniewskiego 71, 01-856, Warszawa",Bielany,+48224257420,https://www.yelp.pl/biz/pracownia-fryzjersko-kosmetyczna-anna-krupiska-warszawa?adjust_creative=jzkWHrQ0ul6_pVxRueTMLg&utm_campaign=yelp_api_v3&utm_medium=api_v3_business_search&utm_source=jzkWHrQ0ul6_pVxRueTMLg,Balwierz,,0.0,0,52.2697906,20.9488697,yelp:barbers
Salon Kosmetyczny Na Bóstwo,"ul. Wólczyńska 65 / U4A, 01-931, Warszawa",Bielany,+48731227300,https://www.yelp.pl/biz/salon-kosmetyczny-na-b%C3%B3stwo-warszawa?adjust_creative=jzkWHrQ0ul6_pVxRueTMLg&utm_campaign=yelp_api_v3&utm_medium=api_v3_business_search&utm_source=jzkWHrQ0ul6_pVxRueTMLg,"Fryzjer, Depilacja, Pielęgnacja skóry",,0.0,0,52.28159,20.92125,yelp:skincare
Salon Urody Nefertiti,"ul. Agorze 13 / 3, 01-960, Warszawa",Bielany,+48228642221,https://www.yelp.pl/biz/salon-urody-nefertiti-warszawa?adjust_creative=jzkWHrQ0ul6_pVxRueTMLg&utm_campaign=yelp_api_v3&utm_medium=api_v3_business_search&utm_source=jzkWHrQ0ul6_pVxRueTMLg,"Pielęgnacja skóry, Fryzjer, Manikiur i pedikiur",,3.0,1,52.2926483,20.9395008,yelp:skincare
Si Bella Spa,"ul. Strumykowa 6A, 03-138, Warszawa",Bielany,+48224000010,https://www.yelp.pl/biz/si-bella-spa-warszawa?adjust_creative=jzkWHrQ0ul6_pVxRueTMLg&utm_campaign=yelp_api_v3&utm_medium=api_v3_business_search&utm_source=jzkWHrQ0ul6_pVxRueTMLg,"Fryzjer, Masaż, Pielęgnacja skóry",,0.0,0,52.32579,20.94596,yelp:skincare
Skin Institute,"ul. Klaudyny 28A, 01-684, Warszawa",Bielany,+48228322332,https://www.yelp.pl/biz/skin-institute-warszawa?adjust_creative=jzkWHrQ0ul6_pVxRueTMLg&utm_campaign=yelp_api_v3&utm_medium=api_v3_business_search&utm_source=jzkWHrQ0ul6_pVxRueTMLg,"Masaż, Pielęgnacja skóry, Przedłużanie rzęs",,3.0,1,52.2831802,20.9720497,yelp:skincare
Studio Glamour,"ul. Ćmielowska 2, 03-185, Warszawa",Bielany,+48224230555,https://www.yelp.pl/biz/studio-glamour-warszawa?adjust_creative=jzkWHrQ0ul6_pVxRueTMLg&utm_campaign=yelp_api_v3&utm_medium=api_v3_business_search&utm_source=jzkWHrQ0ul6_pVxRueTMLg,"Pielęgnacja skóry, Depilacja laserowa, Manikiur i pedikiur",,3.0,1,52.3173199768946,20.9519040584564,yelp:skincare
Studio Sara,"Klaudyny 36 /  12, 01-684, Warszawa",Bielany,+48226227174,https://www.yelp.pl/biz/studio-sara-warszawa?adjust_creative=jzkWHrQ0ul6_pVxRueTMLg&utm_campaign=yelp_api_v3&utm_medium=api_v3_business_search&utm_source=jzkWHrQ0ul6_pVxRueTMLg,"Balwierz, Usługi edukacyjne",,0.0,0,52.2855301,20.9733791,yelp:barbers
Yves Rocher,Warszawa,Bielany,+48327700700,https://www.yelp.pl/biz/yves-rocher-warszawa?adjust_creative=jzkWHrQ0ul6_pVxRueTMLg&utm_campaign=yelp_api_v3&utm_medium=api_v3_business_search&utm_source=jzkWHrQ0ul6_pVxRueTMLg,Kosmetyki,50–150 PLN,4.0,2,52.2947275,20.9303699,overpass+yelp
Beauty Clinic - Agnieszka Mróz,"ul. walbrzyska 11 / 13, 02-739, Warszawa",Mokotów,+48600608066,https://www.yelp.pl/biz/beauty-clinic-agnieszka-mr%C3%B3z-warszawa?adjust_creative=jzkWHrQ0ul6_pVxRueTMLg&utm_campaign=yelp_api_v3&utm_medium=api_v3_business_search&utm_source=jzkWHrQ0ul6_pVxRueTMLg,"Pielęgnacja skóry, Przedłużanie rzęs, Kolczykowanie",,0.0,0,52.1730499,21.0249805,yelp:skincare
Centrum Zaopatrzenia Fryzjerów Marek Różycki,"Podchorążych 26, 00-721, Warszawa",Mokotów,+48228402973,https://www.yelp.pl/biz/centrum-zaopatrzenia-fryzjer%C3%B3w-marek-r%C3%B3%C5%BCycki-warszawa?adjust_creative=jzkWHrQ0ul6_pVxRueTMLg&utm_campaign=yelp_api_v3&utm_medium=api_v3_business_search&utm_source=jzkWHrQ0ul6_pVxRueTMLg,"Balwierz, Drogerie, Zdrowie i medycyna",,0.0,0,52.207901,21.0454903,yelp:barbers
Colette MakeUp Artist & Stylist,"ul. Bokserska 1, 02-682, Warszawa",Mokotów,+48601273099,https://www.yelp.pl/biz/colette-makeup-artist-a-stylist-warszawa?adjust_creative=jzkWHrQ0ul6_pVxRueTMLg&utm_campaign=yelp_api_v3&utm_medium=api_v3_business_search&utm_source=jzkWHrQ0ul6_pVxRueTMLg,"Makijażyści, Fryzjer",,0.0,0,52.1673623,21.0070026,yelp:makeupartists
Cyrulik,"ul. Postępu 10, 02-676, Warszawa",Mokotów,+48221215575,https://www.yelp.pl/biz/cyrulik-warszawa?adjust_creative=jzkWHrQ0ul6_pVxRueTMLg&utm_campaign=yelp_api_v3&utm_medium=api_v3_business_search&utm_source=jzkWHrQ0ul6_pVxRueTMLg,Fryzjer,50–150 PLN,5.0,4,52.1754417,20.9952507,yelp:hair+yelp
Degażeria,"ul. Aleksandra Zelwerowicza 95, 02-928, Warszawa",Mokotów,+48222533835,https://www.yelp.pl/biz/dega%C5%BCeria-warszawa?adjust_creative=jzkWHrQ0ul6_pVxRueTMLg&utm_campaign=yelp_api_v3&utm_medium=api_v3_business_search&utm_source=jzkWHrQ0ul6_pVxRueTMLg,Fryzjer,150–300 PLN,4.0,6,52.1816101,21.0578194,yelp:hair
Evaneo Studio,"ul. Garażowa 7 / 4, 02-651, Warszawa",Mokotów,+48791447790,https://www.yelp.pl/biz/evaneo-studio-warszawa?adjust_creative=jzkWHrQ0ul6_pVxRueTMLg&utm_campaign=yelp_api_v3&utm_medium=api_v3_business_search&utm_source=jzkWHrQ0ul6_pVxRueTMLg,"Manikiur i pedikiur, Makijażyści, Depilacja laserowa",,0.0,0,52.18754,21.00385,yelp:makeupartists
Franck Provost,"ul. Puławska 25A, Warszawa",Mokotów,+48226464647,https://www.yelp.pl/biz/franck-provost-warszawa-2?adjust_creative=jzkWHrQ0ul6_pVxRueTMLg&utm_campaign=yelp_api_v3&utm_medium=api_v3_business_search&utm_source=jzkWHrQ0ul6_pVxRueTMLg,Fryzjer,150–300 PLN,3.5,4,52.2093,21.0219,yelp:hair
Gmw Capital,"Odyca 71 /  49, 02-644, Warszawa",Mokotów,+48228444069,https://www.yelp.pl/biz/gmw-capital-warszawa?adjust_creative=jzkWHrQ0ul6_pVxRueTMLg&utm_campaign=yelp_api_v3&utm_medium=api_v3_business_search&utm_source=jzkWHrQ0ul6_pVxRueTMLg,Balwierz,,0.0,0,52.1949615,21.0041294,yelp:barbers
Gold Way Hurt Detal Bożena Pawłowska,"Korczyska 11 /  1, 00-148, Warszawa",Mokotów,+48226350733,https://www.yelp.pl/biz/gold-way-hurt-detal-bo%C5%BCena-paw%C5%82owska-warszawa?adjust_creative=jzkWHrQ0ul6_pVxRueTMLg&utm_campaign=yelp_api_v3&utm_medium=api_v3_business_search&utm_source=jzkWHrQ0ul6_pVxRueTMLg,"Balwierz, Zakupy",,0.0,0,52.1894112,21.0512409,yelp:barbers
Halka,"ul. Puławska 43, 00-834, Warszawa",Mokotów,+48509593305,https://www.yelp.pl/biz/halka-warszawa-2?adjust_creative=jzkWHrQ0ul6_pVxRueTMLg&utm_campaign=yelp_api_v3&utm_medium=api_v3_business_search&utm_source=jzkWHrQ0ul6_pVxRueTMLg,"Polska, Bary",50–150 PLN,4.9,9,52.2067020323897,21.0234365612268,yelp:nailedsalons
Indian Beauty Salon,"ul. Czerniakowska 18 / 2, 00-701, Warszawa",Mokotów,+48729268290,https://www.yelp.pl/biz/indian-beauty-salon-warszawa?adjust_creative=jzkWHrQ0ul6_pVxRueTMLg&utm_campaign=yelp_api_v3&utm_medium=api_v3_business_search&utm_source=jzkWHrQ0ul6_pVxRueTMLg,"Fryzjer, Pielęgnacja skóry, Manikiur i pedikiur",,0.0,0,52.1973586,21.0526726,yelp:skincare
Izabela Makosz,"Domaniewska 35a, 05-500, Warszawa",Mokotów,+48227509142,https://www.yelp.pl/biz/izabela-makosz-warszawa?adjust_creative=jzkWHrQ0ul6_pVxRueTMLg&utm_campaign=yelp_api_v3&utm_medium=api_v3_business_search&utm_source=jzkWHrQ0ul6_pVxRueTMLg,"Balwierz, Zdrowie i medycyna",,0.0,0,52.1831703,21.0085602,yelp:barbers
Katarzyna Borowska Rubin,"ul. Konstanciska 3, 02-942, Warszawa",Mokotów,+48228424753,https://www.yelp.pl/biz/katarzyna-borowska-rubin-warszawa?adjust_creative=jzkWHrQ0ul6_pVxRueTMLg&utm_campaign=yelp_api_v3&utm_medium=api_v3_business_search&utm_source=jzkWHrQ0ul6_pVxRueTMLg,"Pielęgnacja skóry, Fryzjer",,0.0,0,52.1861992,21.0608196,yelp:skincare
Klinika Młodości Blanka Pawłowska,"ul. Cybernetyki 4A / U3, 02-677, Warszawa",Mokotów,+48530787432,https://www.yelp.pl/biz/klinika-m%C5%82odo%C5%9Bci-blanka-paw%C5%82owska-warszawa?adjust_creative=jzkWHrQ0ul6_pVxRueTMLg&utm_campaign=yelp_api_v3&utm_medium=api_v3_business_search&utm_source=jzkWHrQ0ul6_pVxRueTMLg,"Pielęgnacja skóry, Makijaż permanentny, Manikiur i pedikiur",,0.0,0,52.175787,20.998112,yelp:skincare
Klinika Urody Laura,"ul. Modzelewskiego 37, 02-600, Warszawa",Mokotów,+48228474067,https://www.yelp.pl/biz/klinika-urody-laura-warszawa?adjust_creative=jzkWHrQ0ul6_pVxRueTMLg&utm_campaign=yelp_api_v3&utm_medium=api_v3_business_search&utm_source=jzkWHrQ0ul6_pVxRueTMLg,"Fryzjer, Pielęgnacja skóry, Depilacja",,0.0,0,52.1804008,21.0134296,yelp:skincare
La Como Studio Fryzjersko-Kosmetyczne,"ul.Wałbrzyska 11 / 202a, 02-739, Warszawa",Mokotów,+48225499305,https://www.yelp.pl/biz/la-como-studio-fryzjersko-kosmetyczne-warszawa?adjust_creative=jzkWHrQ0ul6_pVxRueTMLg&utm_campaign=yelp_api_v3&utm_medium=api_v3_business_search&utm_source=jzkWHrQ0ul6_pVxRueTMLg,"Kosmetyki, Pielęgnacja skóry, Fryzjer",50–150 PLN,3.0,1,52.1730499,21.0249805,yelp:skincare
Naturalnie To Tu,"ul. Powsińska 106, 02-903, Warszawa",Mokotów,+48534022088,https://www.yelp.pl/biz/naturalnie-to-tu-warszawa?adjust_creative=jzkWHrQ0ul6_pVxRueTMLg&utm_campaign=yelp_api_v3&utm_medium=api_v3_business_search&utm_source=jzkWHrQ0ul6_pVxRueTMLg,"Pielęgnacja skóry, Fryzjer, Manikiur i pedikiur",,0.0,0,52.1928399,21.05744,yelp:skincare
Perfumeria Kokai,"ul. Wróbla 23, 02-736, Warszawa",Mokotów,+48221001453,https://www.yelp.pl/biz/perfumeria-kokai-warszawa?adjust_creative=jzkWHrQ0ul6_pVxRueTMLg&utm_campaign=yelp_api_v3&utm_medium=api_v3_business_search&utm_source=jzkWHrQ0ul6_pVxRueTMLg,"Drogerie, Kosmetyki",50–150 PLN,4.3,3,52.1762223748682,21.0321829095483,yelp:beautysvc
Restauracja Polska Różana,"ul. Chocimska 7, 00-791, Warszawa",Mokotów,+48228481225,https://www.yelp.pl/biz/restauracja-polska-r%C3%B3%C5%BCana-warszawa?adjust_creative=jzkWHrQ0ul6_pVxRueTMLg&utm_campaign=yelp_api_v3&utm_medium=api_v3_business_search&utm_source=jzkWHrQ0ul6_pVxRueTMLg,Polska,150–300 PLN,4.8,69,52.20839,21.02347,yelp:nailedsalons
Restauracja Stary Dom,"ul. Puławska 104/106, 02-620, Warszawa",Mokotów,+48226464208,https://www.yelp.pl/biz/restauracja-stary-dom-warszawa?adjust_creative=jzkWHrQ0ul6_pVxRueTMLg&utm_campaign=yelp_api_v3&utm_medium=api_v3_business_search&utm_source=jzkWHrQ0ul6_pVxRueTMLg,Polska,150–300 PLN,4.4,61,52.19574,21.02382,yelp:nailedsalons
Rituals Salon & Spa,"ul. Narbutta 83 / U4, 02-524, Warszawa",Mokotów,+48224033737,https://www.yelp.pl/biz/rituals-salon-a-spa-warszawa?adjust_creative=jzkWHrQ0ul6_pVxRueTMLg&utm_campaign=yelp_api_v3&utm_medium=api_v3_business_search&utm_source=jzkWHrQ0ul6_pVxRueTMLg,"Fryzjer, Spa",,5.0,1,52.2037392,21.0034008,yelp:hair
Salon & Day Spa Escape,"ul. Woziwody 15, 02-943, Warszawa",Mokotów,+48602322033,https://www.yelp.pl/biz/salon-a-day-spa-escape-warszawa-2?adjust_creative=jzkWHrQ0ul6_pVxRueTMLg&utm_campaign=yelp_api_v3&utm_medium=api_v3_business_search&utm_source=jzkWHrQ0ul6_pVxRueTMLg,"Spa, Masaż, Pielęgnacja skóry",,0.0,0,52.189787,21.063237,yelp:skincare
Salon Denique,"al. Niepodległości 92 / 98, 02-585, Warszawa",Mokotów,+48224092530,https://www.yelp.pl/biz/salon-denique-warszawa?adjust_creative=jzkWHrQ0ul6_pVxRueTMLg&utm_campaign=yelp_api_v3&utm_medium=api_v3_business_search&utm_source=jzkWHrQ0ul6_pVxRueTMLg,"Fryzjer, Pielęgnacja skóry, Depilacja laserowa",,3.0,2,52.1982341,21.0127621,yelp:skincare
Salon Fryzjerski Marla Marlena Karwowska,"ul. Powsiska 42, 02-903, Warszawa",Mokotów,+48228425512,https://www.yelp.pl/biz/salon-fryzjerski-marla-marlena-karwowska-warszawa?adjust_creative=jzkWHrQ0ul6_pVxRueTMLg&utm_campaign=yelp_api_v3&utm_medium=api_v3_business_search&utm_source=jzkWHrQ0ul6_pVxRueTMLg,Balwierz,,0.0,0,52.1889687,21.0615997,yelp:barbers
Salon Kosmetyczny Alga,"ul. Wałbrzyska 11 / 43 / 44, 05-077, Warszawa",Mokotów,+48225499033,https://www.yelp.pl/biz/salon-kosmetyczny-alga-warszawa?adjust_creative=jzkWHrQ0ul6_pVxRueTMLg&utm_campaign=yelp_api_v3&utm_medium=api_v3_business_search&utm_source=jzkWHrQ0ul6_pVxRueTMLg,"Pielęgnacja skóry, Przedłużanie rzęs, Fryzjer",,0.0,0,52.17241,21.025107,yelp:skincare
Salon Modzelewskiego,"ul. Zygmunta Modzelewskiego 23, 02-679, Warszawa",Mokotów,+48228573400,https://www.yelp.pl/biz/salon-modzelewskiego-warszawa?adjust_creative=jzkWHrQ0ul6_pVxRueTMLg&utm_campaign=yelp_api_v3&utm_medium=api_v3_business_search&utm_source=jzkWHrQ0ul6_pVxRueTMLg,"Fryzjer, Manikiur i pedikiur",,5.0,2,52.18974,21.013685,yelp:hair
Studio Urody Avena,"Soczi 2a, 02-760, Warszawa",Mokotów,+48226422367,https://www.yelp.pl/biz/studio-urody-avena-warszawa?adjust_creative=jzkWHrQ0ul6_pVxRueTMLg&utm_campaign=yelp_api_v3&utm_medium=api_v3_business_search&utm_source=jzkWHrQ0ul6_pVxRueTMLg,"Pielęgnacja skóry, Fryzjer, Manikiur i pedikiur",,0.0,0,52.1811905,21.0541191,yelp:skincare
Baku City Barbershop,"ul. Grójecka 216, 02-120, Warszawa",Ochota,+48669007777,https://www.yelp.pl/biz/baku-city-barbershop-warszawa?adjust_creative=jzkWHrQ0ul6_pVxRueTMLg&utm_campaign=yelp_api_v3&utm_medium=api_v3_business_search&utm_source=jzkWHrQ0ul6_pVxRueTMLg,Balwierz,,1.0,2,52.19837,20.96482,yelp:barbers
Body Line,"ul. Szczęśliwicka 33, 02-353, Warszawa",Ochota,+48228231428,https://www.yelp.pl/biz/body-line-warszawa-2?adjust_creative=jzkWHrQ0ul6_pVxRueTMLg&utm_campaign=yelp_api_v3&utm_medium=api_v3_business_search&utm_source=jzkWHrQ0ul6_pVxRueTMLg,"Przedłużanie rzęs, Manikiur i pedikiur, Pielęgnacja skóry",,0.0,0,52.214678,20.96989,yelp:skincare
Collagen Up,"ul. Banacha 14, 02-097, Warszawa",Ochota,+48501648061,https://www.yelp.pl/biz/collagen-up-warszawa?adjust_creative=jzkWHrQ0ul6_pVxRueTMLg&utm_campaign=yelp_api_v3&utm_medium=api_v3_business_search&utm_source=jzkWHrQ0ul6_pVxRueTMLg,"Pielęgnacja skóry, Modelowanie sylwetki, Makijażyści",,0.0,0,52.21139,20.97956,yelp:skincare+yelp
Cosmetology Clinic,"ul. Mochnackiego 10, 02-042, Warszawa",Ochota,+48728294644,https://www.yelp.pl/biz/cosmetology-clinic-warszawa-2?adjust_creative=jzkWHrQ0ul6_pVxRueTMLg&utm_campaign=yelp_api_v3&utm_medium=api_v3_business_search&utm_source=jzkWHrQ0ul6_pVxRueTMLg,"Pielęgnacja skóry, Spa medyczne",,0.0,0,52.2172813,20.9842205,yelp:skincare
Elżbieta Furjan,"Wiślicka 8, 02-114, Warszawa",Ochota,+48226596126,https://www.yelp.pl/biz/el%C5%BCbieta-furjan-warszawa?adjust_creative=jzkWHrQ0ul6_pVxRueTMLg&utm_campaign=yelp_api_v3&utm_medium=api_v3_business_search&utm_source=jzkWHrQ0ul6_pVxRueTMLg,Uroda i salony Spa,,0.0,0,52.2033386,20.9782391,yelp:beautysvc
Fryzjerstwo Damskie,"Białobrzeska 5, 02-379, Warszawa",Ochota,+48228229444,https://www.yelp.pl/biz/fryzjerstwo-damskie-warszawa?adjust_creative=jzkWHrQ0ul6_pVxRueTMLg&utm_campaign=yelp_api_v3&utm_medium=api_v3_business_search&utm_source=jzkWHrQ0ul6_pVxRueTMLg,Uroda i salony Spa,,0.0,0,52.2083893,20.9685898,yelp:beautysvc
Fryzma&Kosma,"ul. Bruna 34, 02-523, Warszawa",Ochota,+48228254603,https://www.yelp.pl/biz/fryzma-a-kosma-warszawa?adjust_creative=jzkWHrQ0ul6_pVxRueTMLg&utm_campaign=yelp_api_v3&utm_medium=api_v3_business_search&utm_source=jzkWHrQ0ul6_pVxRueTMLg,"Fryzjer, Manikiur i pedikiur",50–150 PLN,3.0,1,52.2065887,20.9996796,yelp:hair
Iza B Coiffure En Vogue Izabella Boguszewska,"ul. Artura Zawiszy 1, 02-025, Warszawa",Ochota,+48225791036,https://www.yelp.pl/biz/iza-b-coiffure-en-vogue-izabella-boguszewska-warszawa?adjust_creative=jzkWHrQ0ul6_pVxRueTMLg&utm_campaign=yelp_api_v3&utm_medium=api_v3_business_search&utm_source=jzkWHrQ0ul6_pVxRueTMLg,Makijażyści,,0.0,0,52.2246017,20.9895496,yelp:makeupartists
Jeff's,"Pole Mokotowskie, 02-092, Warszawa",Ochota,+48228251650,https://www.yelp.pl/biz/jeffs-warszawa-6?adjust_creative=jzkWHrQ0ul6_pVxRueTMLg&utm_campaign=yelp_api_v3&utm_medium=api_v3_business_search&utm_source=jzkWHrQ0ul6_pVxRueTMLg,"Grill, Bary, Amerykańska",50–150 PLN,3.3,61,52.2109685367612,20.9888366665824,yelp:nailedsalons
Justyna Wiktorska,"Ppłk. Mieczysława Grzymały-Sokołowskiego 18, 02-324, Warszawa",Ochota,+48226149857,https://www.yelp.pl/biz/justyna-wiktorska-warszawa?adjust_creative=jzkWHrQ0ul6_pVxRueTMLg&utm_campaign=yelp_api_v3&utm_medium=api_v3_business_search&utm_source=jzkWHrQ0ul6_pVxRueTMLg,Fryzjer,,0.0,0,52.2182846,20.9759197,yelp:hair+yelp
Kencin Asian Nail Art,"al. Niepodleglosci 177, 02-555, Warszawa",Ochota,+48729447297,https://www.yelp.pl/biz/kencin-asian-nail-art-warszawa?adjust_creative=jzkWHrQ0ul6_pVxRueTMLg&utm_campaign=yelp_api_v3&utm_medium=api_v3_business_search&utm_source=jzkWHrQ0ul6_pVxRueTMLg,Manikiur i pedikiur,,5.0,2,52.21013,21.00644,yelp:beautysvc
Le Kurnique,"ul. Słupecka 5, 02-309, Warszawa",Ochota,+48226584554,https://www.yelp.pl/biz/le-kurnique-warszawa?adjust_creative=jzkWHrQ0ul6_pVxRueTMLg&utm_campaign=yelp_api_v3&utm_medium=api_v3_business_search&utm_source=jzkWHrQ0ul6_pVxRueTMLg,"Fryzjer, Pielęgnacja skóry",do 50 PLN,0.0,0,52.2202915702189,20.9827890540294,yelp:skincare
Makeitisi,"ul. Filtrowa 62 / 62A, 02-256, Warszawa",Ochota,+48222450606,https://www.yelp.pl/biz/makeitisi-warszawa-2?adjust_creative=jzkWHrQ0ul6_pVxRueTMLg&utm_campaign=yelp_api_v3&utm_medium=api_v3_business_search&utm_source=jzkWHrQ0ul6_pVxRueTMLg,Pielęgnacja skóry,,0.0,0,52.21944,20.98798,yelp:skincare
R&K s.c.,"ul. Rakowiecka 36 / 61, 02-532, Warszawa",Ochota,+48796930081,https://www.yelp.pl/biz/r-a-k-s-c-warszawa?adjust_creative=jzkWHrQ0ul6_pVxRueTMLg&utm_campaign=yelp_api_v3&utm_medium=api_v3_business_search&utm_source=jzkWHrQ0ul6_pVxRueTMLg,Kosmetyki,do 50 PLN,5.0,1,52.2067986,21.0009804,yelp:beautysvc
Salon Fryzjerski U Baśki Zwoliska Barbara,"Białobrzeska 5, 02-379, Warszawa",Ochota,+48228229444,https://www.yelp.pl/biz/salon-fryzjerski-u-ba%C5%9Bki-zwoliska-barbara-warszawa?adjust_creative=jzkWHrQ0ul6_pVxRueTMLg&utm_campaign=yelp_api_v3&utm_medium=api_v3_business_search&utm_source=jzkWHrQ0ul6_pVxRueTMLg,Uroda i salony Spa,,0.0,0,52.2083893,20.9685898,yelp:beautysvc
Salon Fryzjersko Kosmetyczny Tolak,"ul. Rokosowska 4, Warszawa",Ochota,+48226595306,https://www.yelp.pl/biz/salon-fryzjersko-kosmetyczny-tolak-warszawa?adjust_creative=jzkWHrQ0ul6_pVxRueTMLg&utm_campaign=yelp_api_v3&utm_medium=api_v3_business_search&utm_source=jzkWHrQ0ul6_pVxRueTMLg,"Fryzjer, Pielęgnacja skóry",,0.0,0,52.21443,20.97545,yelp:skincare
Sklep taneczny Dance Spot,"Aleja Wincentego Witosa 31, 00-710, Warszawa",Ochota,+48512270870,https://www.yelp.pl/biz/sklep-taneczny-dance-spot-warszawa?adjust_creative=jzkWHrQ0ul6_pVxRueTMLg&utm_campaign=yelp_api_v3&utm_medium=api_v3_business_search&utm_source=jzkWHrQ0ul6_pVxRueTMLg,"Sklepy obuwnicze, Sklepy taneczne, Kosmetyki",150–300 PLN,4.0,2,52.2247363696487,20.9903745113647,yelp:beautysvc
Studio Urody New Image,"ul. Opaczewska 43 / 3, 02-201, Warszawa",Ochota,+48228238350,https://www.yelp.pl/biz/studio-urody-new-image-warszawa?adjust_creative=jzkWHrQ0ul6_pVxRueTMLg&utm_campaign=yelp_api_v3&utm_medium=api_v3_business_search&utm_source=jzkWHrQ0ul6_pVxRueTMLg,"Fryzjer, Manikiur i pedikiur, Pielęgnacja skóry",,0.0,0,52.209589,20.962358,yelp:skincare
Anahata Tantra Temple,"ul. Bluszczańska 32, 00-712, Warszawa",Praga-Południe,+48730486823,https://www.yelp.pl/biz/anahata-tantra-temple-warszawa?adjust_creative=jzkWHrQ0ul6_pVxRueTMLg&utm_campaign=yelp_api_v3&utm_medium=api_v3_business_search&utm_source=jzkWHrQ0ul6_pVxRueTMLg,Masaż,,0.0,0,52.2094,21.06805,yelp:beautysvc
Atelier Fryzjerskie Izabela Hinc-Gamska,"ul. Bora Komorowskiego 35 / 203, 03-982, Warszawa",Praga-Południe,+48793449530,https://www.yelp.pl/biz/atelier-fryzjerskie-izabela-hinc-gamska-warszawa?adjust_creative=jzkWHrQ0ul6_pVxRueTMLg&utm_campaign=yelp_api_v3&utm_medium=api_v3_business_search&utm_source=jzkWHrQ0ul6_pVxRueTMLg,"Pielęgnacja skóry, Fryzjer",,0.0,0,52.2255287,21.0846596,yelp:skincare
Atelier Urody,"ul. Jana Nowaka Jeziorańskiego 7 / 9, 03-984, Warszawa",Praga-Południe,+48222991999,https://www.yelp.pl/biz/atelier-urody-warszawa?adjust_creative=jzkWHrQ0ul6_pVxRueTMLg&utm_campaign=yelp_api_v3&utm_medium=api_v3_business_search&utm_source=jzkWHrQ0ul6_pVxRueTMLg,"Fryzjer, Manikiur i pedikiur",,5.0,1,52.2292781,21.1072464,yelp:hair
Beauty Secret Justyna Szumska,"Zwycięzców 30, 03-936, Warszawa",Praga-Południe,+48226728334,https://www.yelp.pl/biz/beauty-secret-warszawa-2?adjust_creative=jzkWHrQ0ul6_pVxRueTMLg&utm_campaign=yelp_api_v3&utm_medium=api_v3_business_search&utm_source=jzkWHrQ0ul6_pVxRueTMLg,"Pielęgnacja skóry, Masaż, Makijaż permanentny",,4.0,1,52.231807,21.0578116,yelp:skincare
Creator Design Studio,"ul.Gen.T. Bora Komorowskiego 56C / U17, 03-982, Warszawa",Praga-Południe,+48223016646,https://www.yelp.pl/biz/creator-design-studio-warszawa?adjust_creative=jzkWHrQ0ul6_pVxRueTMLg&utm_campaign=yelp_api_v3&utm_medium=api_v3_business_search&utm_source=jzkWHrQ0ul6_pVxRueTMLg,Fryzjer,,5.0,2,52.2261444,21.0788444,yelp:hair
Extravagance,"ul. Szkoły Orląt 4, 03-984, Warszawa",Praga-Południe,+48502510247,https://www.yelp.pl/biz/extravagance-warszawa?adjust_creative=jzkWHrQ0ul6_pVxRueTMLg&utm_campaign=yelp_api_v3&utm_medium=api_v3_business_search&utm_source=jzkWHrQ0ul6_pVxRueTMLg,"Fryzjer, Pielęgnacja skóry",,0.0,0,52.2278715,21.1069972,yelp:skincare
Fryzjernia Artemiusz Norbert Artemiusz Jagielak,"Gen. Tadeusza Bora-Komorowskiego 35 /  203, 03-962, Warszawa",Praga-Południe,+48226714243,https://www.yelp.pl/biz/fryzjernia-artemiusz-norbert-artemiusz-jagielak-warszawa?adjust_creative=jzkWHrQ0ul6_pVxRueTMLg&utm_campaign=yelp_api_v3&utm_medium=api_v3_business_search&utm_source=jzkWHrQ0ul6_pVxRueTMLg,Balwierz,,0.0,0,52.2255287,21.0846596,yelp:barbers
Gabinet Kosmetyczny Mimi Ewa Wanke,"Gen. Romana Abrahama 4A, 03-982, Warszawa",Praga-Południe,+48226711714,https://www.yelp.pl/biz/gabinet-kosmetyczny-mimi-ewa-wanke-warszawa?adjust_creative=jzkWHrQ0ul6_pVxRueTMLg&utm_campaign=yelp_api_v3&utm_medium=api_v3_business_search&utm_source=jzkWHrQ0ul6_pVxRueTMLg,"Makijażyści, Fryzjer",,0.0,0,52.2273598,21.0857601,yelp:makeupartists
Instytut Technologii Urody,"ul. Berezyńska 26, 03-908, Warszawa",Praga-Południe,+48224904133,https://www.yelp.pl/biz/instytut-technologii-urody-warszawa?adjust_creative=jzkWHrQ0ul6_pVxRueTMLg&utm_campaign=yelp_api_v3&utm_medium=api_v3_business_search&utm_source=jzkWHrQ0ul6_pVxRueTMLg,"Internista, Spa medyczne",50–150 PLN,5.0,3,52.2361,21.0535,yelp:beautysvc
Jarosław Adamczyk Jazz Salon,"ul. Bartycka 20, 00-716, Warszawa",Praga-Południe,+48228911812,https://www.yelp.pl/biz/jaros%C5%82aw-adamczyk-jazz-salon-warszawa?adjust_creative=jzkWHrQ0ul6_pVxRueTMLg&utm_campaign=yelp_api_v3&utm_medium=api_v3_business_search&utm_source=jzkWHrQ0ul6_pVxRueTMLg,Pielęgnacja skóry,,0.0,0,52.2125587,21.0663891,yelp:skincare
LAURELSS,"al. Waszyngtona 30 / 36, Warszawa",Praga-Południe,+48502784770,https://www.yelp.pl/biz/laurelss-warszawa?adjust_creative=jzkWHrQ0ul6_pVxRueTMLg&utm_campaign=yelp_api_v3&utm_medium=api_v3_business_search&utm_source=jzkWHrQ0ul6_pVxRueTMLg,"Makijażyści, Ośrodki odchudzania",,0.0,0,52.2393646,21.0591774,yelp:makeupartists
Margalo,"ul. Rechniewskiego 6, 03-982, Warszawa",Praga-Południe,+48608344352,https://www.yelp.pl/biz/margalo-warszawa?adjust_creative=jzkWHrQ0ul6_pVxRueTMLg&utm_campaign=yelp_api_v3&utm_medium=api_v3_business_search&utm_source=jzkWHrQ0ul6_pVxRueTMLg,Pielęgnacja skóry,,4.0,1,52.2253113,21.10396,yelp:skincare
Prima Anna Królak,"Łukowska 16, 04-133, Warszawa",Praga-Południe,+48226125959,https://www.yelp.pl/biz/prima-anna-kr%C3%B3lak-warszawa?adjust_creative=jzkWHrQ0ul6_pVxRueTMLg&utm_campaign=yelp_api_v3&utm_medium=api_v3_business_search&utm_source=jzkWHrQ0ul6_pVxRueTMLg,Balwierz,,0.0,0,52.2373695,21.1039104,yelp:barbers
Salon Fryzjerski U Kasi,"ul. Garwolińska 6, 04-350, Warszawa",Praga-Południe,+48660467516,https://www.yelp.pl/biz/salon-fryzjerski-u-kasi-warszawa?adjust_creative=jzkWHrQ0ul6_pVxRueTMLg&utm_campaign=yelp_api_v3&utm_medium=api_v3_business_search&utm_source=jzkWHrQ0ul6_pVxRueTMLg,Fryzjer,,4.5,2,52.2467743321654,21.0918617248535,yelp:hair
Salon Kosmetyki,"ul. Kobielska 23, 04-359, Warszawa",Praga-Południe,+48222902297,https://www.yelp.pl/biz/salon-kosmetyki-warszawa?adjust_creative=jzkWHrQ0ul6_pVxRueTMLg&utm_campaign=yelp_api_v3&utm_medium=api_v3_business_search&utm_source=jzkWHrQ0ul6_pVxRueTMLg,Pielęgnacja skóry,,5.0,1,52.2471199,21.0854607,yelp:skincare
Salon Piękności Milord Piotr Adamczyk,"ul. Kobielska 17, 04-359, Warszawa",Praga-Południe,+48226108503,https://www.yelp.pl/biz/salon-pi%C4%99kno%C5%9Bci-milord-piotr-adamczyk-warszawa?adjust_creative=jzkWHrQ0ul6_pVxRueTMLg&utm_campaign=yelp_api_v3&utm_medium=api_v3_business_search&utm_source=jzkWHrQ0ul6_pVxRueTMLg,"Kosmetyki, Makijażyści",,0.0,0,52.2466583,21.0865898,yelp:makeupartists
Salon Urody Bora Bora,"ul. gen. T. Bora Komorowskiego 39 / 04, 03-982, Warszawa",Praga-Południe,+48224995624,https://www.yelp.pl/biz/salon-urody-bora-bora-warszawa?adjust_creative=jzkWHrQ0ul6_pVxRueTMLg&utm_campaign=yelp_api_v3&utm_medium=api_v3_business_search&utm_source=jzkWHrQ0ul6_pVxRueTMLg,"Pielęgnacja skóry, Fryzjer, Depilacja",,0.0,0,52.2256317,21.0809898,yelp:skincare
SalonStudio.me,"al. Stanów Zjednoczonych 67 / D3, 04-028, Warszawa",Praga-Południe,+48797259935,https://www.yelp.pl/biz/salonstudio-me-warszawa?adjust_creative=jzkWHrQ0ul6_pVxRueTMLg&utm_campaign=yelp_api_v3&utm_medium=api_v3_business_search&utm_source=jzkWHrQ0ul6_pVxRueTMLg,Balwierz,,5.0,1,52.24295,21.08313,yelp:barbers
Santorini,"ul. Egipska 7, 03-977, Warszawa",Praga-Południe,+48226720525,https://www.yelp.pl/biz/santorini-warszawa-2?adjust_creative=jzkWHrQ0ul6_pVxRueTMLg&utm_campaign=yelp_api_v3&utm_medium=api_v3_business_search&utm_source=jzkWHrQ0ul6_pVxRueTMLg,Grecka,50–150 PLN,4.3,19,52.22556,21.06828,yelp:nailedsalons
Studio Urody Alexander,"ul. Międzyborska 60 / 62, 04-024, Warszawa",Praga-Południe,+48224996070,https://www.yelp.pl/biz/studio-urody-alexander-warszawa?adjust_creative=jzkWHrQ0ul6_pVxRueTMLg&utm_campaign=yelp_api_v3&utm_medium=api_v3_business_search&utm_source=jzkWHrQ0ul6_pVxRueTMLg,"Manikiur i pedikiur, Masaż, Fryzjer",50–150 PLN,3.3,3,52.239721609706,21.079669271164,yelp:hair
Włosów Kępa,"ul. Zwycięzców 28 / 11, 03-938, Warszawa",Praga-Południe,+48222434072,https://www.yelp.pl/biz/w%C5%82os%C3%B3w-k%C4%99pa-warszawa?adjust_creative=jzkWHrQ0ul6_pVxRueTMLg&utm_campaign=yelp_api_v3&utm_medium=api_v3_business_search&utm_source=jzkWHrQ0ul6_pVxRueTMLg,Fryzjer,,5.0,1,52.2315636681677,21.0571663661533,yelp:hair
Barber Shop Praga,"ul. Ząbkowska 38 / U2, 03-735, Warszawa",Praga-Północ,+48739299091,https://www.yelp.pl/biz/barber-shop-praga-warszawa-2?adjust_creative=jzkWHrQ0ul6_pVxRueTMLg&utm_campaign=yelp_api_v3&utm_medium=api_v3_business_search&utm_source=jzkWHrQ0ul6_pVxRueTMLg,Balwierz,,5.0,1,52.25436,21.0449,yelp:barbers
Centrum Estetyki Ciała,"ul. Wileńska 37, 03-414, Warszawa",Praga-Północ,+48222454313,https://www.yelp.pl/biz/centrum-estetyki-cia%C5%82a-warszawa?adjust_creative=jzkWHrQ0ul6_pVxRueTMLg&utm_campaign=yelp_api_v3&utm_medium=api_v3_business_search&utm_source=jzkWHrQ0ul6_pVxRueTMLg,"Masaż, Pielęgnacja skóry, Manikiur i pedikiur",,3.0,1,52.2557815,21.0348210134919,yelp:skincare
Centrum Zarządzania Światem,"ul. Stefana Okrzei 26, 03-710, Warszawa",Praga-Północ,+48226182197,https://www.yelp.pl/biz/centrum-zarz%C4%85dzania-%C5%9Bwiatem-warszawa?adjust_creative=jzkWHrQ0ul6_pVxRueTMLg&utm_campaign=yelp_api_v3&utm_medium=api_v3_business_search&utm_source=jzkWHrQ0ul6_pVxRueTMLg,"Puby, Przystawki/przekąski, Kawa i herbata",50–150 PLN,4.7,14,52.2510779,21.0353758883432,yelp:nailedsalons
Christine,"ul. Floriańska 12, 03-707, Warszawa",Praga-Północ,+48228180368,https://www.yelp.pl/biz/christine-warszawa?adjust_creative=jzkWHrQ0ul6_pVxRueTMLg&utm_campaign=yelp_api_v3&utm_medium=api_v3_business_search&utm_source=jzkWHrQ0ul6_pVxRueTMLg,Fryzjer,,5.0,1,52.2522697,21.0310898,yelp:hair
Górecka Maria. Peruki. Salon Fryzjerski. Przedłużanie Włosów,"Grochowska 335, 03-823, Warszawa",Praga-Północ,+48228700897,https://www.yelp.pl/biz/g%C3%B3recka-maria-peruki-salon-fryzjerski-przed%C5%82u%C5%BCanie-w%C5%82os%C3%B3w-warszawa?adjust_creative=jzkWHrQ0ul6_pVxRueTMLg&utm_campaign=yelp_api_v3&utm_medium=api_v3_business_search&utm_source=jzkWHrQ0ul6_pVxRueTMLg,Pielęgnacja skóry,,0.0,0,52.2464485,21.0611,yelp:skincare
Hair Studio,"ul. Białostocka 20, 03-741, Warszawa",Praga-Północ,+48504739944,https://www.yelp.pl/biz/hair-studio-warszawa?adjust_creative=jzkWHrQ0ul6_pVxRueTMLg&utm_campaign=yelp_api_v3&utm_medium=api_v3_business_search&utm_source=jzkWHrQ0ul6_pVxRueTMLg,"Fryzjer, Manikiur i pedikiur",do 50 PLN,4.0,1,52.2546997,21.0396805,yelp:hair
Hexcut Barbershop & Tattoo Studio,"ul. Stefana Okrzei 23, 03-715, Warszawa",Praga-Północ,+48503016702,https://www.yelp.pl/biz/hexcut-barbershop-a-tattoo-studio-warszawa?adjust_creative=jzkWHrQ0ul6_pVxRueTMLg&utm_campaign=yelp_api_v3&utm_medium=api_v3_business_search&utm_source=jzkWHrQ0ul6_pVxRueTMLg,"Balwierz, Tatuaż, Fryzjer",,0.0,0,52.2505985441901,21.0331460914017,yelp:barbers
Janina Książak,"Św. Wincentego 18, 03-505, Warszawa",Praga-Północ,+48226783539,https://www.yelp.pl/biz/janina-ksi%C4%85%C5%BCak-warszawa?adjust_creative=jzkWHrQ0ul6_pVxRueTMLg&utm_campaign=yelp_api_v3&utm_medium=api_v3_business_search&utm_source=jzkWHrQ0ul6_pVxRueTMLg,Makijażyści,,0.0,0,52.2696419,21.0409794,yelp:makeupartists
Le Cedre,"al. Solidarności 61, 03-402, Warszawa",Praga-Północ,+48226701166,https://www.yelp.pl/biz/le-cedre-warszawa-3?adjust_creative=jzkWHrQ0ul6_pVxRueTMLg&utm_campaign=yelp_api_v3&utm_medium=api_v3_business_search&utm_source=jzkWHrQ0ul6_pVxRueTMLg,"Śródziemnomorska, Arabic, Bliskowschodnia",150–300 PLN,4.7,12,52.25278,21.0311,yelp:nailedsalons
Rokoko,"ul. Jana Zamoyskiego 43, 03-801, Warszawa",Praga-Północ,+48226481400,https://www.yelp.pl/biz/rokoko-warszawa?adjust_creative=jzkWHrQ0ul6_pVxRueTMLg&utm_campaign=yelp_api_v3&utm_medium=api_v3_business_search&utm_source=jzkWHrQ0ul6_pVxRueTMLg,Fryzjer,50–150 PLN,4.0,1,52.24773,21.04886,yelp:hair
Salon Fryzjersko-Kosmetyczny,"ul. Kijowska 11, 03-743, Warszawa",Praga-Północ,+48228181822,https://www.yelp.pl/biz/salon-fryzjersko-kosmetyczny-warszawa-11?adjust_creative=jzkWHrQ0ul6_pVxRueTMLg&utm_campaign=yelp_api_v3&utm_medium=api_v3_business_search&utm_source=jzkWHrQ0ul6_pVxRueTMLg,"Fryzjer, Makijażyści, Masaż",,0.0,0,52.25339,21.04939,yelp:makeupartists
Salon Kosmetyczny,"ul. Radzymińska 52, Warszawa",Praga-Północ,+48226182055,https://www.yelp.pl/biz/salon-kosmetyczny-warszawa-3?adjust_creative=jzkWHrQ0ul6_pVxRueTMLg&utm_campaign=yelp_api_v3&utm_medium=api_v3_business_search&utm_source=jzkWHrQ0ul6_pVxRueTMLg,"Pielęgnacja skóry, Manikiur i pedikiur",,0.0,0,52.2598991,21.0534992,yelp:skincare
Salonik Fryzjerski,"ul. Białostocka 9, 03-741, Warszawa",Praga-Północ,+48223531169,https://www.yelp.pl/biz/salonik-fryzjerski-warszawa?adjust_creative=jzkWHrQ0ul6_pVxRueTMLg&utm_campaign=yelp_api_v3&utm_medium=api_v3_business_search&utm_source=jzkWHrQ0ul6_pVxRueTMLg,"Fryzjer, Balwierz",,0.0,0,52.2575302,21.0464706,yelp:barbers
Skamiejka,"ul. Ząbkowska 37, 03-736, Warszawa",Praga-Północ,+48512123967,https://www.yelp.pl/biz/skamiejka-warszawa?adjust_creative=jzkWHrQ0ul6_pVxRueTMLg&utm_campaign=yelp_api_v3&utm_medium=api_v3_business_search&utm_source=jzkWHrQ0ul6_pVxRueTMLg,"Rosyjska, Zupy, Pierogi",50–150 PLN,4.7,29,52.2550392,21.0469704,yelp:nailedsalons
Studio Medico-Estetico,"ul. Targowa 20, 03-731, Warszawa",Praga-Północ,+48226183040,https://www.yelp.pl/biz/studio-medico-estetico-warszawa?adjust_creative=jzkWHrQ0ul6_pVxRueTMLg&utm_campaign=yelp_api_v3&utm_medium=api_v3_business_search&utm_source=jzkWHrQ0ul6_pVxRueTMLg,"Ośrodki odchudzania, Pielęgnacja skóry",,0.0,0,52.2493591,21.0440998,yelp:skincare
Ziaja,"ul. Targowa 66, pawilon nr 29, 03-734, Warszawa",Praga-Północ,+48226184107,https://www.yelp.pl/biz/ziaja-warszawa-2?adjust_creative=jzkWHrQ0ul6_pVxRueTMLg&utm_campaign=yelp_api_v3&utm_medium=api_v3_business_search&utm_source=jzkWHrQ0ul6_pVxRueTMLg,Kosmetyki,do 50 PLN,4.4,7,52.2534871955266,21.0380673408508,yelp:beautysvc
S&b Gabinet Kosmetyczny i Galeria Biżuterii Autorskiej Koko,"al.wilanowska 9, 02-900, Warszawa",Rembertów,+48228856747,https://www.yelp.pl/biz/s-a-b-gabinet-kosmetyczny-i-galeria-bi%C5%BCuterii-autorskiej-koko-warszawa?adjust_creative=jzkWHrQ0ul6_pVxRueTMLg&utm_campaign=yelp_api_v3&utm_medium=api_v3_business_search&utm_source=jzkWHrQ0ul6_pVxRueTMLg,Pielęgnacja skóry,,0.0,0,52.2436409,21.1805992,yelp:skincare
Akademia Urody Nefri,"ul. Tykocińska 42, 03-545, Warszawa",Targówek,+48227440444,https://www.yelp.pl/biz/akademia-urody-nefri-warszawa?adjust_creative=jzkWHrQ0ul6_pVxRueTMLg&utm_campaign=yelp_api_v3&utm_medium=api_v3_business_search&utm_source=jzkWHrQ0ul6_pVxRueTMLg,"Fryzjer, Manikiur i pedikiur",150–300 PLN,5.0,1,52.26898,21.05245,yelp:hair
MK Gabinet kosmetyczny Zdrowia i Urody Małgorzata Kowalska,"ul. Święciaska 9 / 3, 03-551, Warszawa",Targówek,+48508373985,https://www.yelp.pl/biz/mk-gabinet-kosmetyczny-zdrowia-i-urody-ma%C5%82gorzata-kowalska-warszawa?adjust_creative=jzkWHrQ0ul6_pVxRueTMLg&utm_campaign=yelp_api_v3&utm_medium=api_v3_business_search&utm_source=jzkWHrQ0ul6_pVxRueTMLg,"Manikiur i pedikiur, Depilacja, Pielęgnacja skóry",,0.0,0,52.26931,21.0588799,yelp:skincare
PAPILIO Gabinet Zdrowej Przemiany,"ul. Konopnickiej 18A, 05-091, Ząbki",Targówek,+48535045050,https://www.yelp.pl/biz/papilio-gabinet-zdrowej-przemiany-z%C4%85bki?adjust_creative=jzkWHrQ0ul6_pVxRueTMLg&utm_campaign=yelp_api_v3&utm_medium=api_v3_business_search&utm_source=jzkWHrQ0ul6_pVxRueTMLg,"Ośrodki odchudzania, Pielęgnacja skóry, Specjaliści od żywienia",,0.0,0,52.2954072,21.1082257,yelp:skincare
Studio Fabiola,"ul. Łabiszyńska 21, 03-204, Warszawa",Targówek,+48509823624,https://www.yelp.pl/biz/studio-fabiola-warszawa?adjust_creative=jzkWHrQ0ul6_pVxRueTMLg&utm_campaign=yelp_api_v3&utm_medium=api_v3_business_search&utm_source=jzkWHrQ0ul6_pVxRueTMLg,"Solarium, Pielęgnacja skóry, Przedłużanie rzęs",,0.0,0,52.295447,21.032477,yelp:skincare
Biomak,"ul. Słoskiego 13, 05-820, Piastów",Ursus,+48227233160,https://www.yelp.pl/biz/biomak-piast%C3%B3w?adjust_creative=jzkWHrQ0ul6_pVxRueTMLg&utm_campaign=yelp_api_v3&utm_medium=api_v3_business_search&utm_source=jzkWHrQ0ul6_pVxRueTMLg,Pielęgnacja skóry,,0.0,0,52.1788101,20.8532791,yelp:skincare
Salon Ela,"ul. Rakietników 18, 02-495, Warszawa",Ursus,+48226670298,https://www.yelp.pl/biz/salon-ela-warszawa?adjust_creative=jzkWHrQ0ul6_pVxRueTMLg&utm_campaign=yelp_api_v3&utm_medium=api_v3_business_search&utm_source=jzkWHrQ0ul6_pVxRueTMLg,"Pielęgnacja skóry, Fryzjer, Manikiur i pedikiur",,0.0,0,52.1959145,20.8913671,yelp:skincare
Salon Kosmetyki i Odnowy Isabel,"ul. Dzieci Warszawy 27A, 02-495, Warszawa",Ursus,+48888118181,https://www.yelp.pl/biz/salon-kosmetyki-i-odnowy-isabel-warszawa?adjust_creative=jzkWHrQ0ul6_pVxRueTMLg&utm_campaign=yelp_api_v3&utm_medium=api_v3_business_search&utm_source=jzkWHrQ0ul6_pVxRueTMLg,"Pielęgnacja skóry, Fryzjer, Manikiur i pedikiur",,0.0,0,52.1929588,20.9044609,yelp:skincare
Salon Meblowy,"ul. A.szomaskiego 26 D, 02-495, Warszawa",Ursus,+48226137092,https://www.yelp.pl/biz/salon-meblowy-warszawa?adjust_creative=jzkWHrQ0ul6_pVxRueTMLg&utm_campaign=yelp_api_v3&utm_medium=api_v3_business_search&utm_source=jzkWHrQ0ul6_pVxRueTMLg,Pielęgnacja skóry,,0.0,0,52.1865311,20.8771095,yelp:skincare
Sekret Urody,"ul. Rumiankowa 8A, 02-495, Warszawa",Ursus,+48602384001,https://www.yelp.pl/biz/sekret-urody-warszawa?adjust_creative=jzkWHrQ0ul6_pVxRueTMLg&utm_campaign=yelp_api_v3&utm_medium=api_v3_business_search&utm_source=jzkWHrQ0ul6_pVxRueTMLg,"Fryzjer, Pielęgnacja skóry, Manikiur i pedikiur",,0.0,0,52.1835518,20.8728504,yelp:skincare
Studio Fryzur Efektownia Mariusz Świć,"ul. Tomcia Palucha 37/ U6, 02-495, Warszawa",Ursus,+48513540008,https://www.yelp.pl/biz/studio-fryzur-efektownia-mariusz-%C5%9Bwi%C4%87-warszawa?adjust_creative=jzkWHrQ0ul6_pVxRueTMLg&utm_campaign=yelp_api_v3&utm_medium=api_v3_business_search&utm_source=jzkWHrQ0ul6_pVxRueTMLg,"Kosmetyki, Balwierz, Fryzjer",,0.0,0,52.1882401,20.8940105,yelp:barbers
Studio Urody Jagoda Jadwiga Włodarczyk,"ul. Skoroszewska 1B, 02-495, Warszawa",Ursus,+48223036544,https://www.yelp.pl/biz/studio-urody-jagoda-jadwiga-w%C5%82odarczyk-warszawa?adjust_creative=jzkWHrQ0ul6_pVxRueTMLg&utm_campaign=yelp_api_v3&utm_medium=api_v3_business_search&utm_source=jzkWHrQ0ul6_pVxRueTMLg,"Masaż, Makijażyści, Fryzjer",,0.0,0,52.1914101,20.9012794,yelp:makeupartists
Akademia Urody 24h,"Szolc-Rogozińskiego 3, 02-777, Warszawa",Ursynów,+48602236236,https://www.yelp.pl/biz/akademia-urody-24h-warszawa?adjust_creative=jzkWHrQ0ul6_pVxRueTMLg&utm_campaign=yelp_api_v3&utm_medium=api_v3_business_search&utm_source=jzkWHrQ0ul6_pVxRueTMLg,"Makijażyści, Manikiur i pedikiur",,0.0,0,52.1504517,21.05299,yelp:makeupartists
Art Hair Studio,"ul. Wąwozowa 23 / 3, 02-796, Warszawa",Ursynów,+48226435595,https://www.yelp.pl/biz/art-hair-studio-warszawa?adjust_creative=jzkWHrQ0ul6_pVxRueTMLg&utm_campaign=yelp_api_v3&utm_medium=api_v3_business_search&utm_source=jzkWHrQ0ul6_pVxRueTMLg,"Fryzjer, Kosmetyczka, Makijażyści",,1.0,1,52.13088,21.06221,yelp:makeupartists
Aspoke Laptop Skins Warszawa,"Villardczyków 4, 02-793, Warszawa",Ursynów,+48665166168,https://www.yelp.pl/biz/aspoke-laptop-skins-warszawa-warszawa?adjust_creative=jzkWHrQ0ul6_pVxRueTMLg&utm_campaign=yelp_api_v3&utm_medium=api_v3_business_search&utm_source=jzkWHrQ0ul6_pVxRueTMLg,Pielęgnacja skóry,,0.0,0,52.1346703,21.0594902,yelp:skincare
Atelier Piękna,"ul. Stryjeńskich 19 / U6, 02-791, Warszawa",Ursynów,+48733984000,https://www.yelp.pl/biz/atelier-pi%C4%99kna-warszawa?adjust_creative=jzkWHrQ0ul6_pVxRueTMLg&utm_campaign=yelp_api_v3&utm_medium=api_v3_business_search&utm_source=jzkWHrQ0ul6_pVxRueTMLg,"Fryzjer, Masaż, Pielęgnacja skóry",,0.0,0,52.1359116347358,21.0500442411045,yelp:skincare
Boston Clinic,"ul. Na uboczu 28 / C 6, Warszawa",Ursynów,+48602464202,https://www.yelp.pl/biz/boston-clinic-warszawa-3?adjust_creative=jzkWHrQ0ul6_pVxRueTMLg&utm_campaign=yelp_api_v3&utm_medium=api_v3_business_search&utm_source=jzkWHrQ0ul6_pVxRueTMLg,"Pielęgnacja skóry, Spa medyczne, Depilacja laserowa",,0.0,0,52.1598051,21.029628,yelp:skincare
Fabryka Fryzur,"ul. Stryjeńskich 19 / U4, 02-791, Warszawa",Ursynów,+48228941029,https://www.yelp.pl/biz/fabryka-fryzur-warszawa?adjust_creative=jzkWHrQ0ul6_pVxRueTMLg&utm_campaign=yelp_api_v3&utm_medium=api_v3_business_search&utm_source=jzkWHrQ0ul6_pVxRueTMLg,"Pielęgnacja skóry, Fryzjer",,0.0,0,52.136004063113,21.050866264418,yelp:skincare
Face and Body Clinic,"ul. Makolągwy 21 / U2, 02-811, Warszawa",Ursynów,+48882008999,https://www.yelp.pl/biz/face-and-body-clinic-warszawa?adjust_creative=jzkWHrQ0ul6_pVxRueTMLg&utm_campaign=yelp_api_v3&utm_medium=api_v3_business_search&utm_source=jzkWHrQ0ul6_pVxRueTMLg,"Pielęgnacja skóry, Chirurdzy kosmetyczni, Manikiur i pedikiur",,0.0,0,52.1447487,21.0264206,yelp:skincare
Fryzjer M.E.N.,"al. Komisji Edukacji Narodowej 83, 02-777, Warszawa",Ursynów,+48224011050,https://www.yelp.pl/biz/fryzjer-m-e-n-warszawa-2?adjust_creative=jzkWHrQ0ul6_pVxRueTMLg&utm_campaign=yelp_api_v3&utm_medium=api_v3_business_search&utm_source=jzkWHrQ0ul6_pVxRueTMLg,"Masaż, Pielęgnacja skóry, Fryzjer",do 50 PLN,0.0,0,52.154996,21.0358237,yelp:skincare
Happy Mama,"Szolc Rogoziskiego 21, 02-777, Warszawa",Ursynów,+48224053919,https://www.yelp.pl/biz/happy-mama-warszawa?adjust_creative=jzkWHrQ0ul6_pVxRueTMLg&utm_campaign=yelp_api_v3&utm_medium=api_v3_business_search&utm_source=jzkWHrQ0ul6_pVxRueTMLg,Balwierz,,0.0,0,52.1524887,21.0496502,yelp:barbers
Ladies Włosy Paznokcie Sylwia Stępniewska,"Kabacki Dukt 4 lok.2, 02-798, Warszawa",Ursynów,+48223216946,https://www.yelp.pl/biz/ladies-w%C5%82osy-paznokcie-sylwia-st%C4%99pniewska-warszawa?adjust_creative=jzkWHrQ0ul6_pVxRueTMLg&utm_campaign=yelp_api_v3&utm_medium=api_v3_business_search&utm_source=jzkWHrQ0ul6_pVxRueTMLg,"Pielęgnacja skóry, Manikiur i pedikiur",,0.0,0,52.1281815,21.0671196,yelp:skincare
Manila Clinic,"al. Komisji Edukacji Narodowej 15, 02-797, Warszawa",Ursynów,+48570309000,https://www.yelp.pl/biz/manila-clinic-warszawa?adjust_creative=jzkWHrQ0ul6_pVxRueTMLg&utm_campaign=yelp_api_v3&utm_medium=api_v3_business_search&utm_source=jzkWHrQ0ul6_pVxRueTMLg,"Pielęgnacja skóry, Depilacja laserowa",,0.0,0,52.13351,21.06302,yelp:skincare
Monika Fluksik,"Polnej Róży 6 /  4, 02-798, Warszawa",Ursynów,+48226489791,https://www.yelp.pl/biz/monika-fluksik-warszawa?adjust_creative=jzkWHrQ0ul6_pVxRueTMLg&utm_campaign=yelp_api_v3&utm_medium=api_v3_business_search&utm_source=jzkWHrQ0ul6_pVxRueTMLg,Balwierz,,0.0,0,52.1285706,21.0636692,yelp:barbers
Q Clinique,"ul. Fosa 41A, 02-768, Warszawa",Ursynów,+48222543333,https://www.yelp.pl/biz/q-clinique-warszawa?adjust_creative=jzkWHrQ0ul6_pVxRueTMLg&utm_campaign=yelp_api_v3&utm_medium=api_v3_business_search&utm_source=jzkWHrQ0ul6_pVxRueTMLg,"Zdrowie i medycyna, Uroda i salony Spa",50–150 PLN,5.0,5,52.1697032,21.0419312,yelp:beautysvc
Salon Urody Na Uboczu,"ul. Na Uboczu 14, 02-791, Warszawa",Ursynów,+48224978630,https://www.yelp.pl/biz/salon-urody-na-uboczu-warszawa?adjust_creative=jzkWHrQ0ul6_pVxRueTMLg&utm_campaign=yelp_api_v3&utm_medium=api_v3_business_search&utm_source=jzkWHrQ0ul6_pVxRueTMLg,"Fryzjer, Pielęgnacja skóry, Manikiur i pedikiur",,3.0,1,52.1415482,21.0501099,yelp:skincare
Studio Me and I,"Alternatywy 3, 02-755, Warszawa",Ursynów,+48222906252,https://www.yelp.pl/biz/studio-me-and-i-warszawa?adjust_creative=jzkWHrQ0ul6_pVxRueTMLg&utm_campaign=yelp_api_v3&utm_medium=api_v3_business_search&utm_source=jzkWHrQ0ul6_pVxRueTMLg,"Fryzjer, Makijażyści, Manikiur i pedikiur",,0.0,0,52.1425705,21.0356903,yelp:makeupartists
Studio Pantera,"ul. Stryjeńskich 17 / 197, Warszawa",Ursynów,+48690991455,https://www.yelp.pl/biz/studio-pantera-warszawa?adjust_creative=jzkWHrQ0ul6_pVxRueTMLg&utm_campaign=yelp_api_v3&utm_medium=api_v3_business_search&utm_source=jzkWHrQ0ul6_pVxRueTMLg,"Masaż, Pielęgnacja skóry, Manikiur i pedikiur",,0.0,0,52.1351814,21.0510693,yelp:skincare
Studio Urody Flis&Borkowski,"ul. Alternatywy 7 / U-3, 02-775, Warszawa",Ursynów,+48696060134,https://www.yelp.pl/biz/studio-urody-flis-a-borkowski-warszawa?adjust_creative=jzkWHrQ0ul6_pVxRueTMLg&utm_campaign=yelp_api_v3&utm_medium=api_v3_business_search&utm_source=jzkWHrQ0ul6_pVxRueTMLg,"Fryzjer, Makijażyści",do 50 PLN,4.0,2,52.142472,21.032579,yelp:makeupartists
Studio Urody Perfect Visage,"Stefana Szolc-Rogoziskiego 12, 02-777, Warszawa",Ursynów,+48226435798,https://www.yelp.pl/biz/studio-urody-perfect-visage-warszawa?adjust_creative=jzkWHrQ0ul6_pVxRueTMLg&utm_campaign=yelp_api_v3&utm_medium=api_v3_business_search&utm_source=jzkWHrQ0ul6_pVxRueTMLg,"Balwierz, Zdrowie i medycyna",,0.0,0,52.1515312,21.0516396,yelp:barbers
Kosmetyczne Atelier,"ul. Fieldorfa 14, 03-984, Warszawa",Wawer,+48608145608,https://www.yelp.pl/biz/kosmetyczne-atelier-warszawa?adjust_creative=jzkWHrQ0ul6_pVxRueTMLg&utm_campaign=yelp_api_v3&utm_medium=api_v3_business_search&utm_source=jzkWHrQ0ul6_pVxRueTMLg,"Manikiur i pedikiur, Masaż, Makijażyści",,4.0,1,52.2213898,21.1218605,yelp:makeupartists
Trend Hair Cosmetic Poland R D Duda,"Kosmatki 16, 03-982, Warszawa",Wawer,+48228280404,https://www.yelp.pl/biz/trend-hair-cosmetic-poland-r-d-duda-warszawa?adjust_creative=jzkWHrQ0ul6_pVxRueTMLg&utm_campaign=yelp_api_v3&utm_medium=api_v3_business_search&utm_source=jzkWHrQ0ul6_pVxRueTMLg,Balwierz,,0.0,0,52.2188492,21.10075,yelp:barbers
Zakład Fryzjerski Bożena Rybitwa,"ul. Zagórzaska 16, 04-456, Warszawa",Wawer,+48224976057,https://www.yelp.pl/biz/zak%C5%82ad-fryzjerski-bo%C5%BCena-rybitwa-warszawa?adjust_creative=jzkWHrQ0ul6_pVxRueTMLg&utm_campaign=yelp_api_v3&utm_medium=api_v3_business_search&utm_source=jzkWHrQ0ul6_pVxRueTMLg,Fryzjer,,0.0,0,52.1729317,21.2286701,yelp:hair+yelp
Akademia Wizerunku L'oreal,"al. Jana Pawła II 43A, 03-352, Warszawa",Wesoła,+48227430120,https://www.yelp.pl/biz/akademia-wizerunku-l-oreal-warszawa?adjust_creative=jzkWHrQ0ul6_pVxRueTMLg&utm_campaign=yelp_api_v3&utm_medium=api_v3_business_search&utm_source=jzkWHrQ0ul6_pVxRueTMLg,"Fryzjer, Pielęgnacja skóry, Manikiur i pedikiur",,5.0,1,52.2221137,21.2231136,yelp:hair+yelp
Peggy Sage,"al. Jana Pawła II 34, 00-141, Warszawa",Wesoła,+48228262374,https://www.yelp.pl/biz/peggy-sage-warszawa?adjust_creative=jzkWHrQ0ul6_pVxRueTMLg&utm_campaign=yelp_api_v3&utm_medium=api_v3_business_search&utm_source=jzkWHrQ0ul6_pVxRueTMLg,"Kosmetyki, Masaż, Makijażyści",150–300 PLN,4.0,1,52.218,21.22221,yelp:beautysvc+yelp
Barber Salon Urody,"ul. Stanisława Kostki Potockiego 24 C, 02-958, Warszawa",Wilanów,+48226423563,https://www.yelp.pl/biz/barber-salon-urody-warszawa?adjust_creative=jzkWHrQ0ul6_pVxRueTMLg&utm_campaign=yelp_api_v3&utm_medium=api_v3_business_search&utm_source=jzkWHrQ0ul6_pVxRueTMLg,"Fryzjer, Pielęgnacja skóry, Depilacja",,0.0,0,52.1672096,21.0861607,yelp:skincare
Bellezza Body Care & Spa,"ul. Oś. krolewska 18 / U10, 02-972, Warszawa",Wilanów,+48228836605,https://www.yelp.pl/biz/bellezza-body-care-a-spa-warszawa?adjust_creative=jzkWHrQ0ul6_pVxRueTMLg&utm_campaign=yelp_api_v3&utm_medium=api_v3_business_search&utm_source=jzkWHrQ0ul6_pVxRueTMLg,"Masaż, Pielęgnacja skóry, Depilacja",,0.0,0,52.165222,21.072905,yelp:skincare
Boston Clinic,"ul. Kosiarzy 35, 02-953, Warszawa",Wilanów,+48228858468,https://www.yelp.pl/biz/boston-clinic-warszawa?adjust_creative=jzkWHrQ0ul6_pVxRueTMLg&utm_campaign=yelp_api_v3&utm_medium=api_v3_business_search&utm_source=jzkWHrQ0ul6_pVxRueTMLg,"Pielęgnacja skóry, Depilacja laserowa, Spa medyczne",,0.0,0,52.1691704,21.0764999,yelp:skincare
BRODSKI barbershop,"ul. Franciszka Klimczaka 6a, 02-797, Warszawa",Wilanów,+48886666239,https://www.yelp.pl/biz/brodski-barbershop-warszawa?adjust_creative=jzkWHrQ0ul6_pVxRueTMLg&utm_campaign=yelp_api_v3&utm_medium=api_v3_business_search&utm_source=jzkWHrQ0ul6_pVxRueTMLg,"Balwierz, Styliści fryzur",,0.0,0,52.1634335,21.0797677,yelp:barbers
Dr Irena Eris Kosmetyczne Instytuty,"ul. Franciszka Klimczaka 1, 02-797, Warszawa",Wilanów,+48226518293,https://www.yelp.pl/biz/dr-irena-eris-kosmetyczne-instytuty-warszawa?adjust_creative=jzkWHrQ0ul6_pVxRueTMLg&utm_campaign=yelp_api_v3&utm_medium=api_v3_business_search&utm_source=jzkWHrQ0ul6_pVxRueTMLg,"Pielęgnacja skóry, Kosmetyki, Masaż",,4.0,1,52.163736,21.082623,yelp:skincare
Faces,"oś. Królewska 18B / U6, 02-972, Warszawa",Wilanów,+48222992826,https://www.yelp.pl/biz/faces-warszawa?adjust_creative=jzkWHrQ0ul6_pVxRueTMLg&utm_campaign=yelp_api_v3&utm_medium=api_v3_business_search&utm_source=jzkWHrQ0ul6_pVxRueTMLg,"Makijażyści, Fryzjer, Manikiur i pedikiur",,5.0,1,52.16651,21.072113,yelp:hair+yelp
Pracownia makijażu,"ul. Iwonicka 38, 02-924, Warszawa",Wilanów,+48607070022,https://www.yelp.pl/biz/pracownia-makija%C5%BCu-warszawa?adjust_creative=jzkWHrQ0ul6_pVxRueTMLg&utm_campaign=yelp_api_v3&utm_medium=api_v3_business_search&utm_source=jzkWHrQ0ul6_pVxRueTMLg,Makijażyści,,5.0,1,52.1776814,21.062254,yelp:makeupartists
Przedsiębiorstwo Wielobranżowe Beata Beata Szafarowicz,"Sobieskiego 22, 02-930, Warszawa",Wilanów,+48226519310,https://www.yelp.pl/biz/przedsi%C4%99biorstwo-wielobran%C5%BCowe-beata-beata-szafarowicz-warszawa?adjust_creative=jzkWHrQ0ul6_pVxRueTMLg&utm_campaign=yelp_api_v3&utm_medium=api_v3_business_search&utm_source=jzkWHrQ0ul6_pVxRueTMLg,"Balwierz, Zdrowie i medycyna",,0.0,0,52.1760406,21.0624008,yelp:barbers
Salon Urody Frida,"ul. Syta 120, Warszawa",Wilanów,+48501309432,https://www.yelp.pl/biz/salon-urody-frida-warszawa?adjust_creative=jzkWHrQ0ul6_pVxRueTMLg&utm_campaign=yelp_api_v3&utm_medium=api_v3_business_search&utm_source=jzkWHrQ0ul6_pVxRueTMLg,"Fryzjer, Solarium, Pielęgnacja skóry",50–150 PLN,0.0,0,52.1711939959551,21.1070804452758,yelp:skincare
Vanilla Body & Hair,"ul. Branickiego 12 / 2, 02-972, Warszawa",Wilanów,+48223026582,https://www.yelp.pl/biz/vanilla-body-a-hair-warszawa?adjust_creative=jzkWHrQ0ul6_pVxRueTMLg&utm_campaign=yelp_api_v3&utm_medium=api_v3_business_search&utm_source=jzkWHrQ0ul6_pVxRueTMLg,"Fryzjer, Makijażyści, Manikiur i pedikiur",50–150 PLN,0.0,0,52.1574516,21.0776005,yelp:makeupartists
Wytwórnia Piękna,"al. Wilanowska 39, 02-765, Warszawa",Wilanów,+48600600743,https://www.yelp.pl/biz/wytw%C3%B3rnia-pi%C4%99kna-warszawa?adjust_creative=jzkWHrQ0ul6_pVxRueTMLg&utm_campaign=yelp_api_v3&utm_medium=api_v3_business_search&utm_source=jzkWHrQ0ul6_pVxRueTMLg,"Masaż, Pielęgnacja skóry, Fryzjer",,0.0,0,52.1710228471447,21.0613498810395,yelp:skincare
22 Studio 22,"Aleja Jana Pawła II 45A, 01-001, Warszawa",Wola,+48226360363,https://www.yelp.pl/biz/22-studio-22-warszawa?adjust_creative=jzkWHrQ0ul6_pVxRueTMLg&utm_campaign=yelp_api_v3&utm_medium=api_v3_business_search&utm_source=jzkWHrQ0ul6_pVxRueTMLg,Fryzjer,50–150 PLN,1.0,1,52.2440414,20.9911003,yelp:hair
Atelier Fryzjerskie Trendy Line,"ul.Ogrodowa 50A / 1, 00-896, Warszawa",Wola,+48226240078,https://www.yelp.pl/biz/atelier-fryzjerskie-trendy-line-warszawa?adjust_creative=jzkWHrQ0ul6_pVxRueTMLg&utm_campaign=yelp_api_v3&utm_medium=api_v3_business_search&utm_source=jzkWHrQ0ul6_pVxRueTMLg,"Fryzjer, Kosmetyki",50–150 PLN,2.5,2,52.2378197,20.9850597,yelp:hair
BioOrganika,"ul. Nowolipki 15, Warszawa",Wola,+48693771775,https://www.yelp.pl/biz/bioorganika-warszawa?adjust_creative=jzkWHrQ0ul6_pVxRueTMLg&utm_campaign=yelp_api_v3&utm_medium=api_v3_business_search&utm_source=jzkWHrQ0ul6_pVxRueTMLg,"Drogerie, Kosmetyki",do 50 PLN,4.0,1,52.2451897,20.9934292,yelp:beautysvc
Black & White Studio Urody,"ul. Hrubieszowska 2, 01-209, Warszawa",Wola,+48797067788,https://www.yelp.pl/biz/black-a-white-studio-urody-warszawa?adjust_creative=jzkWHrQ0ul6_pVxRueTMLg&utm_campaign=yelp_api_v3&utm_medium=api_v3_business_search&utm_source=jzkWHrQ0ul6_pVxRueTMLg,"Pielęgnacja skóry, Manikiur i pedikiur",50–150 PLN,4.0,1,52.2302207937466,20.9799654972269,yelp:skincare
Bob & Twister,"ul. Pańska 96 / 206A, 00-837, Warszawa",Wola,+48501641573,https://www.yelp.pl/biz/bob-a-twister-warszawa?adjust_creative=jzkWHrQ0ul6_pVxRueTMLg&utm_campaign=yelp_api_v3&utm_medium=api_v3_business_search&utm_source=jzkWHrQ0ul6_pVxRueTMLg,"Fryzjer, Manikiur i pedikiur",,0.0,0,52.231231,20.989934,yelp:hair
D&M Stawscy,"aleja Jana Pawła II 61 / 216, Warszawa",Wola,+48228385085,https://www.yelp.pl/biz/d-a-m-stawscy-warszawa?adjust_creative=jzkWHrQ0ul6_pVxRueTMLg&utm_campaign=yelp_api_v3&utm_medium=api_v3_business_search&utm_source=jzkWHrQ0ul6_pVxRueTMLg,Fryzjer,,3.0,1,52.2482457316024,20.9875345230103,yelp:hair
Eco Beauty Salon,"ul. Ordona 12D / 2U, 01-237, Warszawa",Wola,+48508814460,https://www.yelp.pl/biz/eco-beauty-salon-warszawa?adjust_creative=jzkWHrQ0ul6_pVxRueTMLg&utm_campaign=yelp_api_v3&utm_medium=api_v3_business_search&utm_source=jzkWHrQ0ul6_pVxRueTMLg,"Pielęgnacja skóry, Przedłużanie rzęs, Depilacja",,0.0,0,52.22333,20.95261,yelp:skincare
Emma Salon Kosmetyczny,"ul. Okopowa 29b, 01-059, Warszawa",Wola,+48223578360,https://www.yelp.pl/biz/emma-salon-kosmetyczny-warszawa?adjust_creative=jzkWHrQ0ul6_pVxRueTMLg&utm_campaign=yelp_api_v3&utm_medium=api_v3_business_search&utm_source=jzkWHrQ0ul6_pVxRueTMLg,"Masaż, Makijażyści, Manikiur i pedikiur",,3.0,1,52.2409096,20.97715,yelp:makeupartists
Estetimed,"ul. Ogrodowa 7, 00-893, Warszawa",Wola,+48698549219,https://www.yelp.pl/biz/estetimed-warszawa?adjust_creative=jzkWHrQ0ul6_pVxRueTMLg&utm_campaign=yelp_api_v3&utm_medium=api_v3_business_search&utm_source=jzkWHrQ0ul6_pVxRueTMLg,"Centra leczenia łysienia, Pielęgnacja skóry",,0.0,0,52.23959,20.99198,yelp:skincare
Filtrów,"ul. Smocza 21, 01-051, Warszawa",Wola,+48504264727,https://www.yelp.pl/biz/filtr%C3%B3w-warszawa?adjust_creative=jzkWHrQ0ul6_pVxRueTMLg&utm_campaign=yelp_api_v3&utm_medium=api_v3_business_search&utm_source=jzkWHrQ0ul6_pVxRueTMLg,Pielęgnacja skóry,,0.0,0,52.2478905,20.9835091,yelp:skincare
Fryzjer Męski,"ul. Żytnia 32, 01-191, Warszawa",Wola,+48224244340,https://www.yelp.pl/biz/fryzjer-m%C4%99ski-warszawa-3?adjust_creative=jzkWHrQ0ul6_pVxRueTMLg&utm_campaign=yelp_api_v3&utm_medium=api_v3_business_search&utm_source=jzkWHrQ0ul6_pVxRueTMLg,Balwierz,,0.0,0,52.2396088,20.9771004,yelp:barbers
Fryzjernia Warszawska,"ul. Ogrodowa 67, 00-932, Warszawa",Wola,+48512122232,https://www.yelp.pl/biz/fryzjernia-warszawska-warszawa?adjust_creative=jzkWHrQ0ul6_pVxRueTMLg&utm_campaign=yelp_api_v3&utm_medium=api_v3_business_search&utm_source=jzkWHrQ0ul6_pVxRueTMLg,Fryzjer,,5.0,1,52.2369372004859,20.9817801788449,yelp:hair
Hairmate,"ul. Kolejowa 47 / U20, 01-210, Warszawa",Wola,+48570575685,https://www.yelp.pl/biz/hairmate-warszawa?adjust_creative=jzkWHrQ0ul6_pVxRueTMLg&utm_campaign=yelp_api_v3&utm_medium=api_v3_business_search&utm_source=jzkWHrQ0ul6_pVxRueTMLg,Fryzjer,150–300 PLN,5.0,1,52.2261972152503,20.9831658578523,yelp:hair+yelp
Healthy Beauty,"ul. Gostyńska 41, 01-165, Warszawa",Wola,+48731677790,https://www.yelp.pl/biz/healthy-beauty-warszawa?adjust_creative=jzkWHrQ0ul6_pVxRueTMLg&utm_campaign=yelp_api_v3&utm_medium=api_v3_business_search&utm_source=jzkWHrQ0ul6_pVxRueTMLg,"Pielęgnacja skóry, Manikiur i pedikiur, Masaż",,0.0,0,52.2438070866778,20.965692,yelp:skincare
Healthy Joy,"Aleja Jana Pawła II 45a, Warszawa",Wola,+48228388383,https://www.yelp.pl/biz/healthy-joy-warszawa?adjust_creative=jzkWHrQ0ul6_pVxRueTMLg&utm_campaign=yelp_api_v3&utm_medium=api_v3_business_search&utm_source=jzkWHrQ0ul6_pVxRueTMLg,Uroda i salony Spa,,0.0,0,52.2440414,20.9911003,yelp:beautysvc
Indigo Fusion,"ul. Żelazna 67 / 35, 00-871, Warszawa",Wola,+48884616116,https://www.yelp.pl/biz/indigo-fusion-warszawa?adjust_creative=jzkWHrQ0ul6_pVxRueTMLg&utm_campaign=yelp_api_v3&utm_medium=api_v3_business_search&utm_source=jzkWHrQ0ul6_pVxRueTMLg,"Pielęgnacja skóry, Spa medyczne, Makijaż permanentny",50–150 PLN,0.0,0,52.23533,20.99016,yelp:beautysvc+yelp
J'adore Instytut,"ul. Żelazna 59, 00-848, Warszawa",Wola,+48531265868,https://www.yelp.pl/biz/jadore-instytut-warszawa?adjust_creative=jzkWHrQ0ul6_pVxRueTMLg&utm_campaign=yelp_api_v3&utm_medium=api_v3_business_search&utm_source=jzkWHrQ0ul6_pVxRueTMLg,"Pielęgnacja skóry, Masaż, Fryzjer",,0.0,0,52.23359,20.99116,yelp:hair+yelp
Kraina Pierogów,"al. Jana Pawła II 61 / 210, 01-031, Warszawa",Wola,+48223085785,https://www.yelp.pl/biz/kraina-pierog%C3%B3w-warszawa?adjust_creative=jzkWHrQ0ul6_pVxRueTMLg&utm_campaign=yelp_api_v3&utm_medium=api_v3_business_search&utm_source=jzkWHrQ0ul6_pVxRueTMLg,Pierogi,do 50 PLN,4.8,13,52.2478866577148,20.9878196716309,yelp:nailedsalons
Melissa Gabinet Kosmetyczny,"ul. Szlenkierów 1/U12, 01-181, Warszawa",Wola,+48515050977,https://www.yelp.pl/biz/melissa-gabinet-kosmetyczny-warszawa?adjust_creative=jzkWHrQ0ul6_pVxRueTMLg&utm_campaign=yelp_api_v3&utm_medium=api_v3_business_search&utm_source=jzkWHrQ0ul6_pVxRueTMLg,"Pielęgnacja skóry, Masaż, Manikiur i pedikiur",50–150 PLN,5.0,1,52.237657715015,20.9696799538237,yelp:skincare
Miodek Hair House,"CH Klif, 01-042, Warszawa",Wola,+48225314612,https://www.yelp.pl/biz/miodek-hair-house-warszawa?adjust_creative=jzkWHrQ0ul6_pVxRueTMLg&utm_campaign=yelp_api_v3&utm_medium=api_v3_business_search&utm_source=jzkWHrQ0ul6_pVxRueTMLg,Fryzjer,,4.0,1,52.2467006377464,20.9791653603315,yelp:hair
Muzeum Powstania Warszawskiego,"ul. Grzybowska 79, 00-844, Warszawa",Wola,+48225397906,https://www.yelp.pl/biz/muzeum-powstania-warszawskiego-warszawa?adjust_creative=jzkWHrQ0ul6_pVxRueTMLg&utm_campaign=yelp_api_v3&utm_medium=api_v3_business_search&utm_source=jzkWHrQ0ul6_pVxRueTMLg,Muzea,,4.4,72,52.232323,20.981154,yelp:nailedsalons
Notino,"ul. Prosta 51, 00-838, Warszawa",Wola,+48222081942,https://www.yelp.pl/biz/notino-warszawa?adjust_creative=jzkWHrQ0ul6_pVxRueTMLg&utm_campaign=yelp_api_v3&utm_medium=api_v3_business_search&utm_source=jzkWHrQ0ul6_pVxRueTMLg,Kosmetyki,do 50 PLN,4.3,4,52.2307976399428,20.987512730062,yelp:beautysvc
Oberża Pod Czerwonym Wieprzem,"ul. Żelazna 68, 00-866, Warszawa",Wola,+48228503144,https://www.yelp.pl/biz/ober%C5%BCa-pod-czerwonym-wieprzem-warszawa?adjust_creative=jzkWHrQ0ul6_pVxRueTMLg&utm_campaign=yelp_api_v3&utm_medium=api_v3_business_search&utm_source=jzkWHrQ0ul6_pVxRueTMLg,Polska,150–300 PLN,4.1,44,52.2369614,20.9896698,yelp:nailedsalons
Orchidea,"ul. Ogrodowa 32, 00-896, Warszawa",Wola,+48603575658,https://www.yelp.pl/biz/orchidea-warszawa?adjust_creative=jzkWHrQ0ul6_pVxRueTMLg&utm_campaign=yelp_api_v3&utm_medium=api_v3_business_search&utm_source=jzkWHrQ0ul6_pVxRueTMLg,Fryzjer,,1.0,1,52.2389908,20.9888496,yelp:hair
Salon Fryzjerski Comtesse,"ul. Karolkowa 17/19, 01-207, Warszawa",Wola,+48224253050,https://www.yelp.pl/biz/salon-fryzjerski-comtesse-warszawa?adjust_creative=jzkWHrQ0ul6_pVxRueTMLg&utm_campaign=yelp_api_v3&utm_medium=api_v3_business_search&utm_source=jzkWHrQ0ul6_pVxRueTMLg,"Fryzjer, Balwierz",do 50 PLN,1.0,1,52.2314453,20.9774742,yelp:hair+yelp
Salon Fryzjerski Freestyle Renata Szczepanik,"Esperanto 12, 01-049, Warszawa",Wola,+48226364407,https://www.yelp.pl/biz/salon-fryzjerski-freestyle-renata-szczepanik-warszawa?adjust_creative=jzkWHrQ0ul6_pVxRueTMLg&utm_campaign=yelp_api_v3&utm_medium=api_v3_business_search&utm_source=jzkWHrQ0ul6_pVxRueTMLg,Uroda i salony Spa,,0.0,0,52.2455902,20.9805908,yelp:beautysvc
Salon Kosmetyczny Elegante,"ul. Juliusza Ordona 12, 01-237, Warszawa",Wola,+48222113268,https://www.yelp.pl/biz/salon-kosmetyczny-elegante-warszawa?adjust_creative=jzkWHrQ0ul6_pVxRueTMLg&utm_campaign=yelp_api_v3&utm_medium=api_v3_business_search&utm_source=jzkWHrQ0ul6_pVxRueTMLg,"Fryzjer, Przedłużanie rzęs, Manikiur i pedikiur",50–150 PLN,5.0,3,52.2251205,20.9522591,yelp:hair+yelp
SaloniQ,"al. Jana Pawła II 64, 00-170, Warszawa",Wola,+48226361175,https://www.yelp.pl/biz/saloniq-warszawa-2?adjust_creative=jzkWHrQ0ul6_pVxRueTMLg&utm_campaign=yelp_api_v3&utm_medium=api_v3_business_search&utm_source=jzkWHrQ0ul6_pVxRueTMLg,"Fryzjer, Pielęgnacja skóry, Manikiur i pedikiur",,0.0,0,52.247037,20.989786,yelp:skincare
Spearside,"Hotel Hilton, 00-844, Warszawa",Wola,+48224680808,https://www.yelp.pl/biz/spearside-warszawa?adjust_creative=jzkWHrQ0ul6_pVxRueTMLg&utm_campaign=yelp_api_v3&utm_medium=api_v3_business_search&utm_source=jzkWHrQ0ul6_pVxRueTMLg,"Balwierz, Spa, Masaż",,0.0,0,52.2328338603782,20.9848119632807,yelp:barbers
Stile di Vita,"ul. Leszno 8, 01-192, Warszawa",Wola,+48666234344,https://www.yelp.pl/biz/stile-di-vita-warszawa?adjust_creative=jzkWHrQ0ul6_pVxRueTMLg&utm_campaign=yelp_api_v3&utm_medium=api_v3_business_search&utm_source=jzkWHrQ0ul6_pVxRueTMLg,Fryzjer,,4.5,2,52.2388191,20.9828091,yelp:hair+yelp
Studio Image Dominika Ilona Sarnecka,"ul. Monte Cassino 13 / 14, 01-121, Warszawa",Wola,+48228375369,https://www.yelp.pl/biz/studio-image-dominika-ilona-sarnecka-warszawa?adjust_creative=jzkWHrQ0ul6_pVxRueTMLg&utm_campaign=yelp_api_v3&utm_medium=api_v3_business_search&utm_source=jzkWHrQ0ul6_pVxRueTMLg,"Pielęgnacja skóry, Fryzjer",,0.0,0,52.2372894,20.9443398,yelp:skincare
Studio Image Fryzjersko-kosmetyczne,"ul. Monte cassino 13 / 4, 01-121, Warszawa",Wola,+48228375369,https://www.yelp.pl/biz/studio-image-fryzjersko-kosmetyczne-warszawa?adjust_creative=jzkWHrQ0ul6_pVxRueTMLg&utm_campaign=yelp_api_v3&utm_medium=api_v3_business_search&utm_source=jzkWHrQ0ul6_pVxRueTMLg,"Fryzjer, Balwierz, Pielęgnacja skóry",,0.0,0,52.2371062,20.944513,yelp:barbers+yelp
Studio Urody Euforia,"ul. Wolność 7 lok. G, 01-018, Warszawa",Wola,+48798984795,https://www.yelp.pl/biz/studio-urody-euforia-warszawa?adjust_creative=jzkWHrQ0ul6_pVxRueTMLg&utm_campaign=yelp_api_v3&utm_medium=api_v3_business_search&utm_source=jzkWHrQ0ul6_pVxRueTMLg,"Pielęgnacja skóry, Spa",,0.0,0,52.2409379299689,20.980258025229,yelp:skincare
Syndicate Tattoo Studio,"ul. Kasprzaka 7 / U2, 01-211, Warszawa",Wola,+48731871066,https://www.yelp.pl/biz/syndicate-tattoo-studio-warszawa-3?adjust_creative=jzkWHrQ0ul6_pVxRueTMLg&utm_campaign=yelp_api_v3&utm_medium=api_v3_business_search&utm_source=jzkWHrQ0ul6_pVxRueTMLg,Tatuaż,,5.0,1,52.22877,20.97512,yelp:beautysvc
Tapas Gastrobar,"ul. Grzybowska 63, 00-844, Warszawa",Wola,+48222511310,https://www.yelp.pl/biz/tapas-gastrobar-warszawa-2?adjust_creative=jzkWHrQ0ul6_pVxRueTMLg&utm_campaign=yelp_api_v3&utm_medium=api_v3_business_search&utm_source=jzkWHrQ0ul6_pVxRueTMLg,"Tapas, Hiszpańska",50–150 PLN,4.1,36,52.2338933,20.9862637,yelp:nailedsalons
ThaiSun,"ul. Łucka 20/1402, 00-845, Warszawa",Wola,+48228705060,https://www.yelp.pl/biz/thaisun-warszawa-2?adjust_creative=jzkWHrQ0ul6_pVxRueTMLg&utm_campaign=yelp_api_v3&utm_medium=api_v3_business_search&utm_source=jzkWHrQ0ul6_pVxRueTMLg,"Masaż, Pielęgnacja skóry",50–150 PLN,4.7,3,52.23246,20.9866199,yelp:beautysvc+yelp
The Pedicure Spa,"ul. Chłodna 48 / U4, 00-872, Warszawa",Wola,+48224093085,https://www.yelp.pl/biz/the-pedicure-spa-warszawa?adjust_creative=jzkWHrQ0ul6_pVxRueTMLg&utm_campaign=yelp_api_v3&utm_medium=api_v3_business_search&utm_source=jzkWHrQ0ul6_pVxRueTMLg,"Spa, Manikiur i pedikiur, Fryzjer",,4.0,1,52.2366201817645,20.9848979115486,yelp:hair+yelp
Totu Salon,"ul. Pańska 99, 00-834, Warszawa",Wola,+48607218031,https://www.yelp.pl/biz/totu-salon-warszawa?adjust_creative=jzkWHrQ0ul6_pVxRueTMLg&utm_campaign=yelp_api_v3&utm_medium=api_v3_business_search&utm_source=jzkWHrQ0ul6_pVxRueTMLg,Fryzjer,50–150 PLN,0.0,0,52.2303213159261,20.9878460264991,yelp:hair
Touch of Beauty Karolina Pindelska,"ul. Jana Kazimierza 7 / 1, 01-248, Warszawa",Wola,+48695600699,https://www.yelp.pl/biz/touch-of-beauty-karolina-pindelska-warszawa?adjust_creative=jzkWHrQ0ul6_pVxRueTMLg&utm_campaign=yelp_api_v3&utm_medium=api_v3_business_search&utm_source=jzkWHrQ0ul6_pVxRueTMLg,"Pielęgnacja skóry, Fryzjer, Manikiur i pedikiur",,0.0,0,52.2257881,20.9489937,yelp:skincare
Trocadero,"ul. Erazma Ciołka 20, 01-426, Warszawa",Wola,+48226914670,https://www.yelp.pl/biz/trocadero-warszawa?adjust_creative=jzkWHrQ0ul6_pVxRueTMLg&utm_campaign=yelp_api_v3&utm_medium=api_v3_business_search&utm_source=jzkWHrQ0ul6_pVxRueTMLg,"Masaż, Pielęgnacja skóry, Manikiur i pedikiur",,0.0,0,52.243969,20.9444103,yelp:skincare
U Madziara,"ul. Chłodna 2/18, 00-891, Warszawa",Wola,+48226201423,https://www.yelp.pl/biz/u-madziara-warszawa?adjust_creative=jzkWHrQ0ul6_pVxRueTMLg&utm_campaign=yelp_api_v3&utm_medium=api_v3_business_search&utm_source=jzkWHrQ0ul6_pVxRueTMLg,Węgierska,50–150 PLN,4.0,21,52.2380486,20.9910107,yelp:nailedsalons
Wax & Nail Bar,"ul. Pańska 96 / 208, 00-827, Warszawa",Wola,+48515177176,https://www.yelp.pl/biz/wax-a-nail-bar-warszawa?adjust_creative=jzkWHrQ0ul6_pVxRueTMLg&utm_campaign=yelp_api_v3&utm_medium=api_v3_business_search&utm_source=jzkWHrQ0ul6_pVxRueTMLg,"Manikiur i pedikiur, Depilacja",,4.0,1,52.2312214363557,20.9899980645648,yelp:beautysvc
Yo!Zen,"ul. Jana Pawła II 61 / 205, 01-031, Warszawa",Wola,+48600700293,https://www.yelp.pl/biz/yo-zen-warszawa?adjust_creative=jzkWHrQ0ul6_pVxRueTMLg&utm_campaign=yelp_api_v3&utm_medium=api_v3_business_search&utm_source=jzkWHrQ0ul6_pVxRueTMLg,"Masaż, Pielęgnacja skóry",50–150 PLN,4.0,2,52.24828,20.98752,yelp:skincare
Zen Thai Spa  - Masaż Tajski,"ul. Sokołowska 7, 01-142, Warszawa",Wola,+48666185117,https://www.yelp.pl/biz/zen-thai-spa-masa%C5%BC-tajski-warszawa-2?adjust_creative=jzkWHrQ0ul6_pVxRueTMLg&utm_campaign=yelp_api_v3&utm_medium=api_v3_business_search&utm_source=jzkWHrQ0ul6_pVxRueTMLg,"Masaż, Spa",,5.0,1,52.23405,20.95989,yelp:beautysvc
Avon Operations Polska,"ul. Słowicza 32, 02-170, Warszawa",Włochy,+48228782700,https://www.yelp.pl/biz/avon-operations-polska-warszawa?adjust_creative=jzkWHrQ0ul6_pVxRueTMLg&utm_campaign=yelp_api_v3&utm_medium=api_v3_business_search&utm_source=jzkWHrQ0ul6_pVxRueTMLg,Pielęgnacja skóry,,0.0,0,52.1883812,20.9616909,yelp:skincare
Beauty Code,"ul. Włodarzewska 87A / 20, 02-393, Warszawa",Włochy,+48605533256,https://www.yelp.pl/biz/beauty-code-warszawa?adjust_creative=jzkWHrQ0ul6_pVxRueTMLg&utm_campaign=yelp_api_v3&utm_medium=api_v3_business_search&utm_source=jzkWHrQ0ul6_pVxRueTMLg,"Spa, Pielęgnacja skóry",,0.0,0,52.2026482,20.9471092,yelp:skincare
Gabinet Kosmetologii A&M,"ul.Jana Kazimierza 57 / U8, 01-267, Warszawa",Włochy,+48518215419,https://www.yelp.pl/biz/gabinet-kosmetologii-a-a-m-warszawa?adjust_creative=jzkWHrQ0ul6_pVxRueTMLg&utm_campaign=yelp_api_v3&utm_medium=api_v3_business_search&utm_source=jzkWHrQ0ul6_pVxRueTMLg,"Przedłużanie rzęs, Pielęgnacja skóry",,0.0,0,52.22115,20.9303,yelp:skincare
Krzysztof Stanicki Studio Fryzur,"ul. Potrzebna 1, 02-448, Warszawa",Włochy,+48530556036,https://www.yelp.pl/biz/krzysztof-stanicki-studio-fryzur-warszawa?adjust_creative=jzkWHrQ0ul6_pVxRueTMLg&utm_campaign=yelp_api_v3&utm_medium=api_v3_business_search&utm_source=jzkWHrQ0ul6_pVxRueTMLg,"Balwierz, Fryzjer",,0.0,0,52.207119,20.9163208,yelp:barbers
Naturell - Mobilne Studio Kosmetyczne,"05-090, Raszyn",Włochy,+48512055500,https://www.yelp.pl/biz/naturell-mobilne-studio-kosmetyczne-raszyn?adjust_creative=jzkWHrQ0ul6_pVxRueTMLg&utm_campaign=yelp_api_v3&utm_medium=api_v3_business_search&utm_source=jzkWHrQ0ul6_pVxRueTMLg,Pielęgnacja skóry,,0.0,0,52.129711151123,20.9139881134033,yelp:skincare
Planeta Urody  Monika Anna Kurasz,"ul. Popularna 54, 02-473, Warszawa",Włochy,+48226624734,https://www.yelp.pl/biz/planeta-urody-monika-anna-kurasz-warszawa-2?adjust_creative=jzkWHrQ0ul6_pVxRueTMLg&utm_campaign=yelp_api_v3&utm_medium=api_v3_business_search&utm_source=jzkWHrQ0ul6_pVxRueTMLg,"Spa medyczne, Pielęgnacja skóry, Manikiur i pedikiur",,0.0,0,52.2031517,20.9268894,yelp:skincare
15-115 Salon Kosmetyczny,"Al. Jerozolimskie 11/19, 00-508, Warszawa",Śródmieście,+48224680868,https://www.yelp.pl/biz/15-115-salon-kosmetyczny-warszawa?adjust_creative=jzkWHrQ0ul6_pVxRueTMLg&utm_campaign=yelp_api_v3&utm_medium=api_v3_business_search&utm_source=jzkWHrQ0ul6_pVxRueTMLg,Pielęgnacja skóry,150–300 PLN,3.0,2,52.2307606,21.0173859,yelp:beautysvc+yelp
1909 Fryzjerzy,"ul. Hoża 42, 00-516, Warszawa",Śródmieście,+48222998444,https://www.yelp.pl/biz/1909-fryzjerzy-warszawa?adjust_creative=jzkWHrQ0ul6_pVxRueTMLg&utm_campaign=yelp_api_v3&utm_medium=api_v3_business_search&utm_source=jzkWHrQ0ul6_pVxRueTMLg,Fryzjer,,1.0,1,52.226525,21.014719,yelp:hair+yelp
Afera Fryzjera,"ul. Złota 62 /15, 00-801, Warszawa",Śródmieście,+48606308830,https://www.yelp.pl/biz/afera-fryzjera-warszawa?adjust_creative=jzkWHrQ0ul6_pVxRueTMLg&utm_campaign=yelp_api_v3&utm_medium=api_v3_business_search&utm_source=jzkWHrQ0ul6_pVxRueTMLg,"Fryzjer, Makijażyści",,0.0,0,52.2304802,20.9985809,yelp:hair+yelp
Agnieszka Gizińska - hair & beauty,"ul. Krucza 6 / 14, 00-537, Warszawa",Śródmieście,+48226294038,https://www.yelp.pl/biz/agnieszka-gizi%C5%84ska-hair-a-beauty-warszawa?adjust_creative=jzkWHrQ0ul6_pVxRueTMLg&utm_campaign=yelp_api_v3&utm_medium=api_v3_business_search&utm_source=jzkWHrQ0ul6_pVxRueTMLg,"Fryzjer, Pielęgnacja skóry, Manikiur i pedikiur",,0.0,0,52.2252129824972,21.0196750983596,yelp:hair+yelp
Aioli,"ul. Świętokrzyska 18, 00-052, Warszawa",Śródmieście,+48226572126,https://www.yelp.pl/biz/aioli-warszawa?adjust_creative=jzkWHrQ0ul6_pVxRueTMLg&utm_campaign=yelp_api_v3&utm_medium=api_v3_business_search&utm_source=jzkWHrQ0ul6_pVxRueTMLg,"Śniadanie i brunch, Wine bary, Nowoczesna europejska",50–150 PLN,3.4,133,52.2358513,21.0110607,yelp:nailedsalons
Akademia Perfect Hair,"ul. Świętokrzyska 32, 00-116, Warszawa",Śródmieście,+48226208050,https://www.yelp.pl/biz/akademia-perfect-hair-warszawa?adjust_creative=jzkWHrQ0ul6_pVxRueTMLg&utm_campaign=yelp_api_v3&utm_medium=api_v3_business_search&utm_source=jzkWHrQ0ul6_pVxRueTMLg,"Masaż, Pielęgnacja skóry, Fryzjer",,4.0,1,52.234611,21.003967,yelp:hair+yelp+yelp
Akademia Urody,"ul.Solec 83, 00-382, Warszawa",Śródmieście,+48226221888,https://www.yelp.pl/biz/akademia-urody-warszawa-2?adjust_creative=jzkWHrQ0ul6_pVxRueTMLg&utm_campaign=yelp_api_v3&utm_medium=api_v3_business_search&utm_source=jzkWHrQ0ul6_pVxRueTMLg,"Fryzjer, Solarium, Manikiur i pedikiur",,4.0,1,52.2347794,21.0327892,yelp:hair
Alchemy Day Spa,"ul. Klonowa 20 / 1, 00-591, Warszawa",Śródmieście,+48228493256,https://www.yelp.pl/biz/alchemy-day-spa-warszawa?adjust_creative=jzkWHrQ0ul6_pVxRueTMLg&utm_campaign=yelp_api_v3&utm_medium=api_v3_business_search&utm_source=jzkWHrQ0ul6_pVxRueTMLg,"Masaż, Fryzjer",,0.0,0,52.2129,21.0229,yelp:hair
Aleksis Rycombel & Pliszka,"ul. Wspólna 27A, 00-519, Warszawa",Śródmieście,+48226219450,https://www.yelp.pl/biz/aleksis-rycombel-a-pliszka-warszawa?adjust_creative=jzkWHrQ0ul6_pVxRueTMLg&utm_campaign=yelp_api_v3&utm_medium=api_v3_business_search&utm_source=jzkWHrQ0ul6_pVxRueTMLg,Fryzjer,,0.0,0,52.2274818,21.0160999,yelp:hair
Anna Siadlak,Warszawa,Śródmieście,+48607471401,https://www.yelp.pl/biz/anna-siadlak-warszawa?adjust_creative=jzkWHrQ0ul6_pVxRueTMLg&utm_campaign=yelp_api_v3&utm_medium=api_v3_business_search&utm_source=jzkWHrQ0ul6_pVxRueTMLg,"Makijażyści, Fryzjer",,0.0,0,52.23558,21.0102699,yelp:hair+yelp
Arirang,"ul. Nowogrodzka 38, 00-691, Warszawa",Śródmieście,+48228817851,https://www.yelp.pl/biz/arirang-warszawa?adjust_creative=jzkWHrQ0ul6_pVxRueTMLg&utm_campaign=yelp_api_v3&utm_medium=api_v3_business_search&utm_source=jzkWHrQ0ul6_pVxRueTMLg,"Japońska, Koreańska, Sushi",50–150 PLN,3.9,8,52.22862,21.011,yelp:nailedsalons
AromatherapyBAR,"ul. Mokotowska 67, 00-530, Warszawa",Śródmieście,+48226215148,https://www.yelp.pl/biz/aromatherapybar-warszawa?adjust_creative=jzkWHrQ0ul6_pVxRueTMLg&utm_campaign=yelp_api_v3&utm_medium=api_v3_business_search&utm_source=jzkWHrQ0ul6_pVxRueTMLg,Kosmetyki,,4.3,4,52.2268219,21.0222492,yelp:beautysvc
Art Sushi,"ul.Nowogrodzka 56, 00-695, Warszawa",Śródmieście,+48226217720,https://www.yelp.pl/biz/art-sushi-warszawa?adjust_creative=jzkWHrQ0ul6_pVxRueTMLg&utm_campaign=yelp_api_v3&utm_medium=api_v3_business_search&utm_source=jzkWHrQ0ul6_pVxRueTMLg,"Japońska, Sushi",,3.9,11,52.2276993,21.00667,yelp:nailedsalons
Atelier Amaro,"pl. Trzech Krzyży 10 / 14, 00-507, Warszawa",Śródmieście,+48226285747,https://www.yelp.pl/biz/atelier-amaro-warszawa?adjust_creative=jzkWHrQ0ul6_pVxRueTMLg&utm_campaign=yelp_api_v3&utm_medium=api_v3_business_search&utm_source=jzkWHrQ0ul6_pVxRueTMLg,Polska,300+ PLN,4.4,35,52.229253,21.023248,yelp:nailedsalons
Atelier Monique Bogdanow,"ul. Marszałkowska 87 / 49, Warszawa",Śródmieście,+48519022033,https://www.yelp.pl/biz/atelier-monique-bogdanow-warszawa?adjust_creative=jzkWHrQ0ul6_pVxRueTMLg&utm_campaign=yelp_api_v3&utm_medium=api_v3_business_search&utm_source=jzkWHrQ0ul6_pVxRueTMLg,"Masaż, Pielęgnacja skóry, Depilacja laserowa",50–150 PLN,3.0,1,52.22749,21.01266,yelp:skincare
Atelier Roberta Kupisza,"ul.Mokotowska 48/204, 00-543, Warszawa",Śródmieście,+48690021787,https://www.yelp.pl/biz/atelier-roberta-kupisza-warszawa?adjust_creative=jzkWHrQ0ul6_pVxRueTMLg&utm_campaign=yelp_api_v3&utm_medium=api_v3_business_search&utm_source=jzkWHrQ0ul6_pVxRueTMLg,"Fryzjer, Odzież damska, Odzież męska",150–300 PLN,4.0,1,52.2251892,21.0217495,yelp:hair+yelp
Babiniec House of Hair,"Al. Przyjaciół 1 / 15, 00-565, Warszawa",Śródmieście,+48889274906,https://www.yelp.pl/biz/babiniec-house-of-hair-warszawa?adjust_creative=jzkWHrQ0ul6_pVxRueTMLg&utm_campaign=yelp_api_v3&utm_medium=api_v3_business_search&utm_source=jzkWHrQ0ul6_pVxRueTMLg,"Fryzjer, Przedłużanie rzęs, Manikiur i pedikiur",50–150 PLN,3.1,7,52.221262,21.0220915,yelp:hair
Bagatela Salon Fryzjerski,"ul. Kielecka 41A lok. 2, 00-585, Warszawa",Śródmieście,+48226222003,https://www.yelp.pl/biz/bagatela-salon-fryzjerski-warszawa?adjust_creative=jzkWHrQ0ul6_pVxRueTMLg&utm_campaign=yelp_api_v3&utm_medium=api_v3_business_search&utm_source=jzkWHrQ0ul6_pVxRueTMLg,"Fryzjer, Manikiur i pedikiur",150–300 PLN,5.0,1,52.2137413024902,21.023250579834,yelp:hair+yelp
Banjaluka,"ul. Szkolna 2/4, 00-006, Warszawa",Śródmieście,+48228281060,https://www.yelp.pl/biz/banjaluka-warszawa-2?adjust_creative=jzkWHrQ0ul6_pVxRueTMLg&utm_campaign=yelp_api_v3&utm_medium=api_v3_business_search&utm_source=jzkWHrQ0ul6_pVxRueTMLg,"Serbsko-chorwacka, Owoce morza, Śródziemnomorska",50–150 PLN,3.7,27,52.2361107,21.0096207,yelp:nailedsalons
Bar Mleczny Bambino,"ul. Krucza 21, 00-526, Warszawa",Śródmieście,+48226251695,https://www.yelp.pl/biz/bar-mleczny-bambino-warszawa?adjust_creative=jzkWHrQ0ul6_pVxRueTMLg&utm_campaign=yelp_api_v3&utm_medium=api_v3_business_search&utm_source=jzkWHrQ0ul6_pVxRueTMLg,"Polska, Bary mleczne",do 50 PLN,3.9,41,52.2262497,21.0182209,yelp:nailedsalons
Bar Studio,"pl. Defilad 1, 00-901, Warszawa",Śródmieście,+48603300835,https://www.yelp.pl/biz/bar-studio-warszawa?adjust_creative=jzkWHrQ0ul6_pVxRueTMLg&utm_campaign=yelp_api_v3&utm_medium=api_v3_business_search&utm_source=jzkWHrQ0ul6_pVxRueTMLg,"Kawiarnie, Bary",do 50 PLN,3.8,9,52.232528,21.006784,yelp:nailedsalons
Barbara Bryzek Bb Services,"ul. Grzybowska 3 / U-7, 00-190, Warszawa",Śródmieście,+48224036572,https://www.yelp.pl/biz/barbara-bryzek-bb-services-warszawa?adjust_creative=jzkWHrQ0ul6_pVxRueTMLg&utm_campaign=yelp_api_v3&utm_medium=api_v3_business_search&utm_source=jzkWHrQ0ul6_pVxRueTMLg,"Pielęgnacja skóry, Spa medyczne, Depilacja laserowa",,0.0,0,52.2370987,21.0021706,yelp:skincare
Barber Shop Look Good,"ul. Marszałkowska 84 / 92 / 1, 00-514, Warszawa",Śródmieście,+48739451034,https://www.yelp.pl/biz/barber-shop-look-good-warszawa?adjust_creative=jzkWHrQ0ul6_pVxRueTMLg&utm_campaign=yelp_api_v3&utm_medium=api_v3_business_search&utm_source=jzkWHrQ0ul6_pVxRueTMLg,Balwierz,,5.0,1,52.228167,21.013392,yelp:beautysvc+yelp
Barn Burger,"ul. Złota 9, 00-032, Warszawa",Śródmieście,+48888222750,https://www.yelp.pl/biz/barn-burger-warszawa?adjust_creative=jzkWHrQ0ul6_pVxRueTMLg&utm_campaign=yelp_api_v3&utm_medium=api_v3_business_search&utm_source=jzkWHrQ0ul6_pVxRueTMLg,Burgery,do 50 PLN,4.3,94,52.2330306983402,21.0114101026763,yelp:nailedsalons
Basico,"ul. Zgoda 3, 00-018, Warszawa",Śródmieście,+48222532020,https://www.yelp.pl/biz/basico-warszawa-2?adjust_creative=jzkWHrQ0ul6_pVxRueTMLg&utm_campaign=yelp_api_v3&utm_medium=api_v3_business_search&utm_source=jzkWHrQ0ul6_pVxRueTMLg,"Wine bary, Włoska",,4.7,6,52.2325983916025,21.013907564596,yelp:nailedsalons
Beaty Partners,"ul. Litewska 10 / 14, 00-634, Warszawa",Śródmieście,+48509115303,https://www.yelp.pl/biz/beaty-partners-warszawa?adjust_creative=jzkWHrQ0ul6_pVxRueTMLg&utm_campaign=yelp_api_v3&utm_medium=api_v3_business_search&utm_source=jzkWHrQ0ul6_pVxRueTMLg,"Makijażyści, Fryzjer",50–150 PLN,5.0,1,52.218546171383,21.0155861379994,yelp:hair+yelp+yelp
Beauty Zone,"pl. Powstańców Warszawy 2, 00-030, Warszawa",Śródmieście,+48535660065,https://www.yelp.pl/biz/beauty-zone-warszawa?adjust_creative=jzkWHrQ0ul6_pVxRueTMLg&utm_campaign=yelp_api_v3&utm_medium=api_v3_business_search&utm_source=jzkWHrQ0ul6_pVxRueTMLg,Fryzjer,,0.0,0,52.23402,21.01447,yelp:hair
Beef N' Pepper,"ul. Nowogrodzka 47A, 00-695, Warszawa",Śródmieście,+48785025025,https://www.yelp.pl/biz/beef-n-pepper-warszawa?adjust_creative=jzkWHrQ0ul6_pVxRueTMLg&utm_campaign=yelp_api_v3&utm_medium=api_v3_business_search&utm_source=jzkWHrQ0ul6_pVxRueTMLg,"Bary, Steakhouse",150–300 PLN,4.1,19,52.227607,21.008337,yelp:nailedsalons
Beerokracja,"ul. Marszałkowska 99 / 101, 00-693, Warszawa",Śródmieście,+48798662014,https://www.yelp.pl/biz/beerokracja-warszawa?adjust_creative=jzkWHrQ0ul6_pVxRueTMLg&utm_campaign=yelp_api_v3&utm_medium=api_v3_business_search&utm_source=jzkWHrQ0ul6_pVxRueTMLg,"Puby, Sale koncertowe",50–150 PLN,3.5,4,52.2288968,21.0119381,yelp:nailedsalons
Beirut,"ul. Poznańska 12, 00-454, Warszawa",Śródmieście,+48226281825,https://www.yelp.pl/biz/beirut-warszawa?adjust_creative=jzkWHrQ0ul6_pVxRueTMLg&utm_campaign=yelp_api_v3&utm_medium=api_v3_business_search&utm_source=jzkWHrQ0ul6_pVxRueTMLg,Bliskowschodnia,do 50 PLN,4.3,49,52.2245241838685,21.0123351488276,yelp:nailedsalons
Bekef,"ul. Hoża 40, 00-516, Warszawa",Śródmieście,+48222543380,https://www.yelp.pl/biz/bekef-warszawa?adjust_creative=jzkWHrQ0ul6_pVxRueTMLg&utm_campaign=yelp_api_v3&utm_medium=api_v3_business_search&utm_source=jzkWHrQ0ul6_pVxRueTMLg,"Koszerna, Bliskowschodnia, Żydowska",do 50 PLN,3.9,15,52.2267729,21.0152119,yelp:nailedsalons
Bibenda,"ul. Nowogrodzka 10, 00-511, Warszawa",Śródmieście,+48502770303,https://www.yelp.pl/biz/bibenda-warszawa?adjust_creative=jzkWHrQ0ul6_pVxRueTMLg&utm_campaign=yelp_api_v3&utm_medium=api_v3_business_search&utm_source=jzkWHrQ0ul6_pVxRueTMLg,"Bary, Polska",50–150 PLN,4.1,25,52.2298088,21.0163803,yelp:nailedsalons
Blackstarstudio,"ul. Ludwika Zamenhofa 1, 00-153, Warszawa",Śródmieście,+48501056323,https://www.yelp.pl/biz/blackstarstudio-warszawa?adjust_creative=jzkWHrQ0ul6_pVxRueTMLg&utm_campaign=yelp_api_v3&utm_medium=api_v3_business_search&utm_source=jzkWHrQ0ul6_pVxRueTMLg,"Tatuaż, Kolczykowanie",50–150 PLN,4.0,2,52.2472687,20.9965191,yelp:beautysvc
Blades Salon Fryzjerski,"ul. Bracka 20 / 41, 00-028, Warszawa",Śródmieście,+48605424842,https://www.yelp.pl/biz/blades-salon-fryzjerski-warszawa?adjust_creative=jzkWHrQ0ul6_pVxRueTMLg&utm_campaign=yelp_api_v3&utm_medium=api_v3_business_search&utm_source=jzkWHrQ0ul6_pVxRueTMLg,"Fryzjer, Manikiur i pedikiur",,0.0,0,52.2319699,21.01648,yelp:hair
Bohemia Restaurant,"al. Jana Pawła II 23, 00-854, Warszawa",Śródmieście,+48602666444,https://www.yelp.pl/biz/bohemia-restaurant-warszawa?adjust_creative=jzkWHrQ0ul6_pVxRueTMLg&utm_campaign=yelp_api_v3&utm_medium=api_v3_business_search&utm_source=jzkWHrQ0ul6_pVxRueTMLg,"Steakhouse, Nowoczesna europejska, Bary",50–150 PLN,4.1,12,52.2356622426254,20.9968706380287,yelp:nailedsalons
Bordo,"ul. Chmielna 34, 00-020, Warszawa",Śródmieście,+48228260171,https://www.yelp.pl/biz/bordo-warszawa-2?adjust_creative=jzkWHrQ0ul6_pVxRueTMLg&utm_campaign=yelp_api_v3&utm_medium=api_v3_business_search&utm_source=jzkWHrQ0ul6_pVxRueTMLg,"Włoska, Pizza",50–150 PLN,3.6,26,52.2320213,21.0120697,yelp:nailedsalons
Borpince,"ul. Zgoda 1, 00-018, Warszawa",Śródmieście,+48228282244,https://www.yelp.pl/biz/borpince-warszawa?adjust_creative=jzkWHrQ0ul6_pVxRueTMLg&utm_campaign=yelp_api_v3&utm_medium=api_v3_business_search&utm_source=jzkWHrQ0ul6_pVxRueTMLg,"Węgierska, Winnice ",150–300 PLN,4.3,13,52.2325096,21.0143299,yelp:nailedsalons
Brewdog,"ul. Widok 8, 00-023, Warszawa",Śródmieście,+48224648284,https://www.yelp.pl/biz/brewdog-warszawa-2?adjust_creative=jzkWHrQ0ul6_pVxRueTMLg&utm_campaign=yelp_api_v3&utm_medium=api_v3_business_search&utm_source=jzkWHrQ0ul6_pVxRueTMLg,Puby,50–150 PLN,4.4,5,52.231513,21.01512,yelp:nailedsalons
British Bulldog Pub,"Al. Jerozolimskie 42, 00-024, Warszawa",Śródmieście,+48228270020,https://www.yelp.pl/biz/british-bulldog-pub-warszawa?adjust_creative=jzkWHrQ0ul6_pVxRueTMLg&utm_campaign=yelp_api_v3&utm_medium=api_v3_business_search&utm_source=jzkWHrQ0ul6_pVxRueTMLg,"Brytyjska, Bary sportowe",50–150 PLN,3.6,9,52.230924,21.015885,yelp:nailedsalons
Bubbleology,"ul. Chmielna 26, 00-020, Warszawa",Śródmieście,+48221100221,https://www.yelp.pl/biz/bubbleology-warszawa?adjust_creative=jzkWHrQ0ul6_pVxRueTMLg&utm_campaign=yelp_api_v3&utm_medium=api_v3_business_search&utm_source=jzkWHrQ0ul6_pVxRueTMLg,Bubble tea,50–150 PLN,3.5,13,52.2322807,21.0134506,yelp:nailedsalons
Butchery & Wine,"ul. Żurawia 22, 00-515, Warszawa",Śródmieście,+48225023118,https://www.yelp.pl/biz/butchery-a-wine-warszawa?adjust_creative=jzkWHrQ0ul6_pVxRueTMLg&utm_campaign=yelp_api_v3&utm_medium=api_v3_business_search&utm_source=jzkWHrQ0ul6_pVxRueTMLg,"Steakhouse, Wine bary",300+ PLN,4.6,84,52.2285614,21.0155296,yelp:nailedsalons
Bułkę przez Bibułkę,"ul. Zgoda 3, 00-012, Warszawa",Śródmieście,+48730285522,https://www.yelp.pl/biz/bu%C5%82k%C4%99-przez-bibu%C5%82k%C4%99-warszawa-2?adjust_creative=jzkWHrQ0ul6_pVxRueTMLg&utm_campaign=yelp_api_v3&utm_medium=api_v3_business_search&utm_source=jzkWHrQ0ul6_pVxRueTMLg,"Kawiarnie, Śniadanie i brunch, Bajgle",do 50 PLN,4.3,99,52.2325853,21.0144973,yelp:nailedsalons
Cafe Bar Bla-Bla,"ul. Nowogrodzka 22, 00-511, Warszawa",Śródmieście,+48226213576,https://www.yelp.pl/biz/cafe-bar-bla-bla-warszawa?adjust_creative=jzkWHrQ0ul6_pVxRueTMLg&utm_campaign=yelp_api_v3&utm_medium=api_v3_business_search&utm_source=jzkWHrQ0ul6_pVxRueTMLg,"Kawa i herbata, Puby, Kawiarnie",,3.5,4,52.2294992142935,21.0140204637543,yelp:nailedsalons
Cafe Bristol,"ul. Krakowskie Przedmieście 42 / 44, 00-325, Warszawa",Śródmieście,+48225511828,https://www.yelp.pl/biz/cafe-bristol-warszawa?adjust_creative=jzkWHrQ0ul6_pVxRueTMLg&utm_campaign=yelp_api_v3&utm_medium=api_v3_business_search&utm_source=jzkWHrQ0ul6_pVxRueTMLg,"Kawiarnie, Śniadanie i brunch",50–150 PLN,4.4,22,52.242199,21.016059,yelp:nailedsalons
Cafe Kulturalna,"pl. Defilad 1, 00-901, Warszawa",Śródmieście,+48728962692,https://www.yelp.pl/biz/cafe-kulturalna-warszawa-3?adjust_creative=jzkWHrQ0ul6_pVxRueTMLg&utm_campaign=yelp_api_v3&utm_medium=api_v3_business_search&utm_source=jzkWHrQ0ul6_pVxRueTMLg,"Kawiarnie, Bary, Bistro",50–150 PLN,4.0,33,52.231431,21.007306,yelp:nailedsalons
Casa Pablo,"ul. Grzybowska 5A, 00-132, Warszawa",Śródmieście,+48223245781,https://www.yelp.pl/biz/casa-pablo-warszawa-2?adjust_creative=jzkWHrQ0ul6_pVxRueTMLg&utm_campaign=yelp_api_v3&utm_medium=api_v3_business_search&utm_source=jzkWHrQ0ul6_pVxRueTMLg,Hiszpańska,300+ PLN,4.4,5,52.2368088,21.0007191,yelp:nailedsalons
Ce-Ce Beauty Clinic,"ul. Sułkowicka 2 / 4, 00-050, Warszawa",Śródmieście,+48228280404,https://www.yelp.pl/biz/ce-ce-beauty-clinic-warszawa?adjust_creative=jzkWHrQ0ul6_pVxRueTMLg&utm_campaign=yelp_api_v3&utm_medium=api_v3_business_search&utm_source=jzkWHrQ0ul6_pVxRueTMLg,"Masaż, Makijażyści, Spa",150–300 PLN,5.0,1,52.2366,21.0141,yelp:beautysvc+yelp
Centrum Nature,"ul. Dobra 8/10 lok. 27, 00-384, Warszawa",Śródmieście,+48516417701,https://www.yelp.pl/biz/centrum-nature-warszawa?adjust_creative=jzkWHrQ0ul6_pVxRueTMLg&utm_campaign=yelp_api_v3&utm_medium=api_v3_business_search&utm_source=jzkWHrQ0ul6_pVxRueTMLg,Masaż,,4.0,1,52.2369995,21.0304108,yelp:beautysvc
Ceska,"ul. Chmielna 35, 00-801, Warszawa",Śródmieście,+48602333444,https://www.yelp.pl/biz/ceska-warszawa?adjust_creative=jzkWHrQ0ul6_pVxRueTMLg&utm_campaign=yelp_api_v3&utm_medium=api_v3_business_search&utm_source=jzkWHrQ0ul6_pVxRueTMLg,"Czeska, Puby",50–150 PLN,3.3,27,52.231639,21.011783,yelp:nailedsalons
Champions Sport Bar & Restaurant,"al. Jerozolimskie 65 / 79, 00-697, Warszawa",Śródmieście,+48226303687,https://www.yelp.pl/biz/champions-sport-bar-a-restaurant-warszawa?adjust_creative=jzkWHrQ0ul6_pVxRueTMLg&utm_campaign=yelp_api_v3&utm_medium=api_v3_business_search&utm_source=jzkWHrQ0ul6_pVxRueTMLg,"Amerykańska, Bary sportowe",50–150 PLN,3.3,24,52.2276485079381,21.0034569741136,yelp:nailedsalons
Charakteryzacja Profesjonalny Makijaż Krzysztof Forysiak,"ul. Warecka 8 / 43, 00-040, Warszawa",Śródmieście,+48228284618,https://www.yelp.pl/biz/charakteryzacja-profesjonalny-makija%C5%BC-krzysztof-forysiak-warszawa?adjust_creative=jzkWHrQ0ul6_pVxRueTMLg&utm_campaign=yelp_api_v3&utm_medium=api_v3_business_search&utm_source=jzkWHrQ0ul6_pVxRueTMLg,"Kosmetyki, Fryzjer",,0.0,0,52.2353592,21.0168209,yelp:hair
Chinkali Cafe & Bistro,"ul. Zgoda 3 / 5, 00-018, Warszawa",Śródmieście,+48226924739,https://www.yelp.pl/biz/chinkali-cafe-a-bistro-warszawa?adjust_creative=jzkWHrQ0ul6_pVxRueTMLg&utm_campaign=yelp_api_v3&utm_medium=api_v3_business_search&utm_source=jzkWHrQ0ul6_pVxRueTMLg,Gruzińska,,4.0,3,52.23265,21.01386,yelp:nailedsalons
Chmeli-Suneli,"ul. Nowy Świat 35, 00-029, Warszawa",Śródmieście,+48506008666,https://www.yelp.pl/biz/chmeli-suneli-warszawa-2?adjust_creative=jzkWHrQ0ul6_pVxRueTMLg&utm_campaign=yelp_api_v3&utm_medium=api_v3_business_search&utm_source=jzkWHrQ0ul6_pVxRueTMLg,Gruzińska,,4.5,6,52.23383,21.01887,yelp:nailedsalons
Chmielarnia,"ul. Twarda 42, 00-831, Warszawa",Śródmieście,+48725010271,https://www.yelp.pl/biz/chmielarnia-warszawa?adjust_creative=jzkWHrQ0ul6_pVxRueTMLg&utm_campaign=yelp_api_v3&utm_medium=api_v3_business_search&utm_source=jzkWHrQ0ul6_pVxRueTMLg,"Tajska, Puby",50–150 PLN,4.1,22,52.2310350169386,20.9959199584107,yelp:nailedsalons
Chmielnik,"ul. Chmielna 20, 00-020, Warszawa",Śródmieście,+48505106300,https://www.yelp.pl/biz/chmielnik-warszawa?adjust_creative=jzkWHrQ0ul6_pVxRueTMLg&utm_campaign=yelp_api_v3&utm_medium=api_v3_business_search&utm_source=jzkWHrQ0ul6_pVxRueTMLg,"Puby, Kawiarnie",do 50 PLN,4.6,5,52.2326393,21.0156708,yelp:nailedsalons
CK Oberża,"Chmielna 28, 00-020, Warszawa",Śródmieście,+48228284585,https://www.yelp.pl/biz/ck-ober%C5%BCa-warszawa?adjust_creative=jzkWHrQ0ul6_pVxRueTMLg&utm_campaign=yelp_api_v3&utm_medium=api_v3_business_search&utm_source=jzkWHrQ0ul6_pVxRueTMLg,"Polska, Niemiecka, Austriacka",50–150 PLN,3.1,12,52.2321815,21.0131302,yelp:nailedsalons
Concept 13,"Dom Handlowy Vitkac, Warszawa",Śródmieście,+48223107373,https://www.yelp.pl/biz/concept-13-warszawa?adjust_creative=jzkWHrQ0ul6_pVxRueTMLg&utm_campaign=yelp_api_v3&utm_medium=api_v3_business_search&utm_source=jzkWHrQ0ul6_pVxRueTMLg,Nowoczesna europejska,150–300 PLN,3.2,14,52.2303176986437,21.0184830708981,yelp:nailedsalons
Cophi,"ul. Hoża 58 / 60, 00-682, Warszawa",Śródmieście,+48513422908,https://www.yelp.pl/biz/cophi-warszawa?adjust_creative=jzkWHrQ0ul6_pVxRueTMLg&utm_campaign=yelp_api_v3&utm_medium=api_v3_business_search&utm_source=jzkWHrQ0ul6_pVxRueTMLg,"Kawiarnie, Kawa i herbata, Ciastka",do 50 PLN,4.7,27,52.225656,21.011188,yelp:nailedsalons
CTP,"Bartoszewicza 1a /  20, 00-337, Warszawa",Śródmieście,+48227589883,https://www.yelp.pl/biz/ctp-warszawa?adjust_creative=jzkWHrQ0ul6_pVxRueTMLg&utm_campaign=yelp_api_v3&utm_medium=api_v3_business_search&utm_source=jzkWHrQ0ul6_pVxRueTMLg,Kosmetyki,,0.0,0,52.2375984,21.0224895,yelp:beautysvc
Cukiernia Pawłowicz,"ul. Chmielna 13, 00-021, Warszawa",Śródmieście,+48228574771,https://www.yelp.pl/biz/cukiernia-paw%C5%82owicz-warszawa?adjust_creative=jzkWHrQ0ul6_pVxRueTMLg&utm_campaign=yelp_api_v3&utm_medium=api_v3_business_search&utm_source=jzkWHrQ0ul6_pVxRueTMLg,"Pączki, Piekarnie, Ciastka",do 50 PLN,4.8,36,52.2327983554835,21.0165428846374,yelp:nailedsalons
Culiinaria Italiana,"ul. Hoża 62, 00-682, Warszawa",Śródmieście,+48794050060,https://www.yelp.pl/biz/culiinaria-italiana-warszawa?adjust_creative=jzkWHrQ0ul6_pVxRueTMLg&utm_campaign=yelp_api_v3&utm_medium=api_v3_business_search&utm_source=jzkWHrQ0ul6_pVxRueTMLg,Włoska,,4.7,10,52.225545,21.010379,yelp:nailedsalons
Czar Warszawy,"ul. Krucza 41 /  43, 00-526, Warszawa",Śródmieście,+48226293974,https://www.yelp.pl/biz/czar-warszawy-warszawa?adjust_creative=jzkWHrQ0ul6_pVxRueTMLg&utm_campaign=yelp_api_v3&utm_medium=api_v3_business_search&utm_source=jzkWHrQ0ul6_pVxRueTMLg,"Kosmetyki, Wyroby skórzane",,2.5,2,52.2291908,21.0169811,yelp:beautysvc
Daniela Zaremba,"ul. Chmielna 102, 00-801, Warszawa",Śródmieście,+48226248699,https://www.yelp.pl/biz/daniela-zaremba-warszawa?adjust_creative=jzkWHrQ0ul6_pVxRueTMLg&utm_campaign=yelp_api_v3&utm_medium=api_v3_business_search&utm_source=jzkWHrQ0ul6_pVxRueTMLg,Fryzjer,,0.0,0,52.2290611,20.9992199,yelp:hair+yelp
Dobrawa Club Frisor Dobrawa Piękos,"ul. Szpitalna 8 / 7, 00-031, Warszawa",Śródmieście,+48228266267,https://www.yelp.pl/biz/dobrawa-club-frisor-dobrawa-pi%C4%99kos-warszawa?adjust_creative=jzkWHrQ0ul6_pVxRueTMLg&utm_campaign=yelp_api_v3&utm_medium=api_v3_business_search&utm_source=jzkWHrQ0ul6_pVxRueTMLg,Fryzjer,,0.0,0,52.2332916,21.0148106,yelp:hair
Dom Sztuki Fryzjerskiej Urody i Zdrowia Zbigniew & Barbara,"ul. Nowogrodzka 48 / 7, 00-695, Warszawa",Śródmieście,+48226298099,https://www.yelp.pl/biz/dom-sztuki-fryzjerskiej-urody-i-zdrowia-zbigniew-a-barbara-warszawa?adjust_creative=jzkWHrQ0ul6_pVxRueTMLg&utm_campaign=yelp_api_v3&utm_medium=api_v3_business_search&utm_source=jzkWHrQ0ul6_pVxRueTMLg,Fryzjer,,0.0,0,52.2281189,21.0084095,yelp:hair
Dom Whisky Cocktail Bar,"Nowy Świat 32, 00-373, Warszawa",Śródmieście,+48691710000,https://www.yelp.pl/biz/dom-whisky-cocktail-bar-warszawa?adjust_creative=jzkWHrQ0ul6_pVxRueTMLg&utm_campaign=yelp_api_v3&utm_medium=api_v3_business_search&utm_source=jzkWHrQ0ul6_pVxRueTMLg,Cocktail bary,50–150 PLN,4.3,36,52.2260713,21.0190931,yelp:nailedsalons
Dom Wódki,"ul. Wierzbowa 9 / 11, 00-099, Warszawa",Śródmieście,+48228282211,https://www.yelp.pl/biz/dom-w%C3%B3dki-warszawa?adjust_creative=jzkWHrQ0ul6_pVxRueTMLg&utm_campaign=yelp_api_v3&utm_medium=api_v3_business_search&utm_source=jzkWHrQ0ul6_pVxRueTMLg,"Polska, Bary",150–300 PLN,4.7,22,52.24335,21.00866,yelp:nailedsalons
Dome Cosmetics Poland,"Widok 22, 00-023, Warszawa",Śródmieście,+48228279364,https://www.yelp.pl/biz/dome-cosmetics-poland-warszawa?adjust_creative=jzkWHrQ0ul6_pVxRueTMLg&utm_campaign=yelp_api_v3&utm_medium=api_v3_business_search&utm_source=jzkWHrQ0ul6_pVxRueTMLg,Uroda i salony Spa,,0.0,0,52.2310982,21.01297,yelp:beautysvc
Dos Tacos,"ul. Jasna 22, 00-054, Warszawa",Śródmieście,+48222434618,https://www.yelp.pl/biz/dos-tacos-warszawa-2?adjust_creative=jzkWHrQ0ul6_pVxRueTMLg&utm_campaign=yelp_api_v3&utm_medium=api_v3_business_search&utm_source=jzkWHrQ0ul6_pVxRueTMLg,Meksykańska,50–150 PLN,3.8,37,52.2362099,21.0106907,yelp:nailedsalons
Drogeria Jasmin,"Dworzec PKP Warszawa Centralna, 00-024, Warszawa",Śródmieście,+48784065275,https://www.yelp.pl/biz/drogeria-jasmin-warszawa?adjust_creative=jzkWHrQ0ul6_pVxRueTMLg&utm_campaign=yelp_api_v3&utm_medium=api_v3_business_search&utm_source=jzkWHrQ0ul6_pVxRueTMLg,Kosmetyki,,3.5,4,52.2281151,21.0024204,yelp:beautysvc
Drogeria Novaya,"ul. Szpitalna 5, 00-031, Warszawa",Śródmieście,+48531960491,https://www.yelp.pl/biz/drogeria-novaya-warszawa-3?adjust_creative=jzkWHrQ0ul6_pVxRueTMLg&utm_campaign=yelp_api_v3&utm_medium=api_v3_business_search&utm_source=jzkWHrQ0ul6_pVxRueTMLg,Kosmetyki,,0.0,0,52.23301,21.01467,yelp:beautysvc
Drogeria Rossmann,"ul. Świętokrzyska 36, 00-116, Warszawa",Śródmieście,+48426139100,https://www.yelp.pl/biz/drogeria-rossmann-warszawa-7?adjust_creative=jzkWHrQ0ul6_pVxRueTMLg&utm_campaign=yelp_api_v3&utm_medium=api_v3_business_search&utm_source=jzkWHrQ0ul6_pVxRueTMLg,Kosmetyki,,4.0,1,52.2332690515151,20.9989865256342,yelp:beautysvc
Drugie Dno,"ul. Nowogrodzka 4, 00-513, Warszawa",Śródmieście,+48226253709,https://www.yelp.pl/biz/drugie-dno-warszawa-2?adjust_creative=jzkWHrQ0ul6_pVxRueTMLg&utm_campaign=yelp_api_v3&utm_medium=api_v3_business_search&utm_source=jzkWHrQ0ul6_pVxRueTMLg,"Bar piwny, Puby, Gastro puby",do 50 PLN,4.4,5,52.230194,21.018436,yelp:nailedsalons
Du-za Mi-ha,"ul. Złota 3, 00-019, Warszawa",Śródmieście,+48228269378,https://www.yelp.pl/biz/du-za-mi-ha-warszawa-2?adjust_creative=jzkWHrQ0ul6_pVxRueTMLg&utm_campaign=yelp_api_v3&utm_medium=api_v3_business_search&utm_source=jzkWHrQ0ul6_pVxRueTMLg,Wietnamska,do 50 PLN,3.8,45,52.2328415,21.01231,yelp:nailedsalons
Dłonie i stopy,"ul. Nowogrodzka 8, 00-513, Warszawa",Śródmieście,+48602367440,https://www.yelp.pl/biz/d%C5%82onie-i-stopy-warszawa?adjust_creative=jzkWHrQ0ul6_pVxRueTMLg&utm_campaign=yelp_api_v3&utm_medium=api_v3_business_search&utm_source=jzkWHrQ0ul6_pVxRueTMLg,Manikiur i pedikiur,50–150 PLN,4.7,3,52.2299614,21.0174007,yelp:beautysvc
Easy Waxing,"ul. Grzybowska 39, 00-855, Warszawa",Śródmieście,+48224002529,https://www.yelp.pl/biz/easy-waxing-warszawa?adjust_creative=jzkWHrQ0ul6_pVxRueTMLg&utm_campaign=yelp_api_v3&utm_medium=api_v3_business_search&utm_source=jzkWHrQ0ul6_pVxRueTMLg,"Woskowanie , Manikiur i pedikiur, Pielęgnacja skóry",50–150 PLN,4.0,1,52.2342713338673,20.9947007465139,yelp:beautysvc+yelp
Ecri,"ul. Chmielna 26, 00-020, Warszawa",Śródmieście,+48224012511,https://www.yelp.pl/biz/ecri-warszawa?adjust_creative=jzkWHrQ0ul6_pVxRueTMLg&utm_campaign=yelp_api_v3&utm_medium=api_v3_business_search&utm_source=jzkWHrQ0ul6_pVxRueTMLg,"Depilacja laserowa, Pielęgnacja skóry, Manikiur i pedikiur",,0.0,0,52.2322807,21.0134506,yelp:skincare
Effecto,"ul. Żurawia 24, 00-515, Warszawa",Śródmieście,+48226220615,https://www.yelp.pl/biz/effecto-warszawa?adjust_creative=jzkWHrQ0ul6_pVxRueTMLg&utm_campaign=yelp_api_v3&utm_medium=api_v3_business_search&utm_source=jzkWHrQ0ul6_pVxRueTMLg,Fryzjer,,4.5,2,52.2285194,21.0152493,yelp:hair+yelp
Ekipa Masująca - Gabinet Masażu,"al. Wyzwolenia 14, 00-570, Warszawa",Śródmieście,+48606490355,https://www.yelp.pl/biz/ekipa-masuj%C4%85ca-gabinet-masa%C5%BCu-warszawa?adjust_creative=jzkWHrQ0ul6_pVxRueTMLg&utm_campaign=yelp_api_v3&utm_medium=api_v3_business_search&utm_source=jzkWHrQ0ul6_pVxRueTMLg,"Masaż, Pielęgnacja skóry",,0.0,0,52.22007109514,21.0195329114401,yelp:skincare
Elle Services,"Długa 8 /  39, 00-963, Warszawa",Śródmieście,+48226305588,https://www.yelp.pl/biz/elle-services-warszawa?adjust_creative=jzkWHrQ0ul6_pVxRueTMLg&utm_campaign=yelp_api_v3&utm_medium=api_v3_business_search&utm_source=jzkWHrQ0ul6_pVxRueTMLg,"Balwierz, Zdrowie i medycyna",,0.0,0,52.2505188,21.0083637,yelp:barbers
Etno Cafe Marszałkowska,"ul. Marszałkowska 87, 00-683, Warszawa",Śródmieście,+48533779255,https://www.yelp.pl/biz/etno-cafe-marsza%C5%82kowska-warszawa-4?adjust_creative=jzkWHrQ0ul6_pVxRueTMLg&utm_campaign=yelp_api_v3&utm_medium=api_v3_business_search&utm_source=jzkWHrQ0ul6_pVxRueTMLg,Kawa i herbata,,4.5,4,52.2273439,21.01259,yelp:nailedsalons
Fifty Fifty Concept,"ul. Wspólna 50, 00-684, Warszawa",Śródmieście,+48224007077,https://www.yelp.pl/biz/fifty-fifty-concept-warszawa?adjust_creative=jzkWHrQ0ul6_pVxRueTMLg&utm_campaign=yelp_api_v3&utm_medium=api_v3_business_search&utm_source=jzkWHrQ0ul6_pVxRueTMLg,"Fryzjer, Kosmetyki, Akcesoria",,2.5,2,52.22706,21.01233,yelp:hair
Fiuu Fiuu,"ul. Mokotowska 48, 00-543, Warszawa",Śródmieście,+48226292414,https://www.yelp.pl/biz/fiuu-fiuu-warszawa?adjust_creative=jzkWHrQ0ul6_pVxRueTMLg&utm_campaign=yelp_api_v3&utm_medium=api_v3_business_search&utm_source=jzkWHrQ0ul6_pVxRueTMLg,"Makijażyści, Fryzjer, Spa",,0.0,0,52.2251892,21.0217495,yelp:makeupartists
Flambeeria,"ul. Hoża 61, 00-681, Warszawa",Śródmieście,+48730267772,https://www.yelp.pl/biz/flambeeria-warszawa?adjust_creative=jzkWHrQ0ul6_pVxRueTMLg&utm_campaign=yelp_api_v3&utm_medium=api_v3_business_search&utm_source=jzkWHrQ0ul6_pVxRueTMLg,"Nowoczesna europejska, Pizza",do 50 PLN,4.4,75,52.2245114358777,21.0077839110451,yelp:nailedsalons
Folk Gospoda,"ul. Waliców 13, 00-866, Warszawa",Śródmieście,+48228901605,https://www.yelp.pl/biz/folk-gospoda-warszawa?adjust_creative=jzkWHrQ0ul6_pVxRueTMLg&utm_campaign=yelp_api_v3&utm_medium=api_v3_business_search&utm_source=jzkWHrQ0ul6_pVxRueTMLg,Polska,50–150 PLN,4.1,87,52.235321,20.9920807,yelp:nailedsalons
Fotoplastikon Warszawski,"al. Jerozolimskie 51, 00-697, Warszawa",Śródmieście,+48226296078,https://www.yelp.pl/biz/fotoplastikon-warszawski-warszawa?adjust_creative=jzkWHrQ0ul6_pVxRueTMLg&utm_campaign=yelp_api_v3&utm_medium=api_v3_business_search&utm_source=jzkWHrQ0ul6_pVxRueTMLg,"Jedyne w swoim rodzaju, Muzea",,4.4,16,52.22892,21.0085602,yelp:nailedsalons
Franck Provost,"ul. Nowy Świat 58 A, 00-504, Warszawa",Śródmieście,+48228268101,https://www.yelp.pl/biz/franck-provost-warszawa?adjust_creative=jzkWHrQ0ul6_pVxRueTMLg&utm_campaign=yelp_api_v3&utm_medium=api_v3_business_search&utm_source=jzkWHrQ0ul6_pVxRueTMLg,Fryzjer,150–300 PLN,2.5,4,52.2355385,21.0186596,yelp:hair
Frytki & Burgery,"ul. Złota 11, 00-020, Warszawa",Śródmieście,+48733674095,https://www.yelp.pl/biz/frytki-a-burgery-warszawa?adjust_creative=jzkWHrQ0ul6_pVxRueTMLg&utm_campaign=yelp_api_v3&utm_medium=api_v3_business_search&utm_source=jzkWHrQ0ul6_pVxRueTMLg,"Amerykańska, Frytki",,4.0,1,52.2322100544624,21.011421768751,yelp:nailedsalons
Fryzjer Justyna Chajduk,"ul. Żurawia 2 / 16, 01-697, Warszawa",Śródmieście,+48226290737,https://www.yelp.pl/biz/fryzjer-justyna-chajduk-warszawa?adjust_creative=jzkWHrQ0ul6_pVxRueTMLg&utm_campaign=yelp_api_v3&utm_medium=api_v3_business_search&utm_source=jzkWHrQ0ul6_pVxRueTMLg,Fryzjer,,0.0,0,52.2295418,21.0202103,yelp:hair
Fryzjer Wspólna,"ul. Wspólna 54A, 00-684, Warszawa",Śródmieście,+48226294451,https://www.yelp.pl/biz/fryzjer-wsp%C3%B3lna-warszawa?adjust_creative=jzkWHrQ0ul6_pVxRueTMLg&utm_campaign=yelp_api_v3&utm_medium=api_v3_business_search&utm_source=jzkWHrQ0ul6_pVxRueTMLg,Fryzjer,,1.0,1,52.226807,21.011215,yelp:hair+yelp
Fryzjerkowo,"ul. Foksal 12 / 14, 00-336, Warszawa",Śródmieście,+48228272744,https://www.yelp.pl/biz/fryzjerkowo-warszawa?adjust_creative=jzkWHrQ0ul6_pVxRueTMLg&utm_campaign=yelp_api_v3&utm_medium=api_v3_business_search&utm_source=jzkWHrQ0ul6_pVxRueTMLg,Fryzjer,,3.0,1,52.2340927,21.0217876,yelp:hair
Fryzjerstwo Damskie i Męskie Ernest Kołodziej,"al. 3 Maja 22, 00-028, Warszawa",Śródmieście,+48228272335,https://www.yelp.pl/biz/fryzjerstwo-damskie-i-m%C4%99skie-ernest-ko%C5%82odziej-warszawa?adjust_creative=jzkWHrQ0ul6_pVxRueTMLg&utm_campaign=yelp_api_v3&utm_medium=api_v3_business_search&utm_source=jzkWHrQ0ul6_pVxRueTMLg,Fryzjer,,5.0,1,52.2344099,21.03124,yelp:hair+yelp
Fryzjerstwo Damskie Maczkowski Jan,"ul. Emilii Plater 12, 00-669, Warszawa",Śródmieście,+48226282826,https://www.yelp.pl/biz/fryzjerstwo-damskie-maczkowski-jan-warszawa?adjust_creative=jzkWHrQ0ul6_pVxRueTMLg&utm_campaign=yelp_api_v3&utm_medium=api_v3_business_search&utm_source=jzkWHrQ0ul6_pVxRueTMLg,Fryzjer,,0.0,0,52.2242317,21.0079708,yelp:hair
Fryzjerstwo Jadwiga Kucharczyk,"ul. Wilcza 55 / 63, 00-679, Warszawa",Śródmieście,+48226255577,https://www.yelp.pl/biz/fryzjerstwo-jadwiga-kucharczyk-warszawa?adjust_creative=jzkWHrQ0ul6_pVxRueTMLg&utm_campaign=yelp_api_v3&utm_medium=api_v3_business_search&utm_source=jzkWHrQ0ul6_pVxRueTMLg,Fryzjer,,0.0,0,52.2235451,21.01017,yelp:hair
Fryzjerzy na Dobrej,"ul. Dobra 11 / 26, 00-384, Warszawa",Śródmieście,+48221195424,https://www.yelp.pl/biz/fryzjerzy-na-dobrej-warszawa?adjust_creative=jzkWHrQ0ul6_pVxRueTMLg&utm_campaign=yelp_api_v3&utm_medium=api_v3_business_search&utm_source=jzkWHrQ0ul6_pVxRueTMLg,"Fryzjer, Manikiur i pedikiur",,5.0,1,52.23694,21.0298,yelp:hair+yelp
Gabinet kosmetyczny Asia,"ul. Topiel 27, 00-342, Warszawa",Śródmieście,+48228287340,https://www.yelp.pl/biz/gabinet-kosmetyczny-asia-warszawa?adjust_creative=jzkWHrQ0ul6_pVxRueTMLg&utm_campaign=yelp_api_v3&utm_medium=api_v3_business_search&utm_source=jzkWHrQ0ul6_pVxRueTMLg,Pielęgnacja skóry,,0.0,0,52.2394295,21.0234299,yelp:skincare
Gabinet Kosmetyczny Julia,"ul. Dobra 9, 00-384, Warszawa",Śródmieście,+48226256020,https://www.yelp.pl/biz/gabinet-kosmetyczny-julia-warszawa?adjust_creative=jzkWHrQ0ul6_pVxRueTMLg&utm_campaign=yelp_api_v3&utm_medium=api_v3_business_search&utm_source=jzkWHrQ0ul6_pVxRueTMLg,"Pielęgnacja skóry, Masaż, Manikiur i pedikiur",,2.0,1,52.2368608,21.0302248,yelp:skincare
Gabinet Kosmetyczny Soleil Anna Cybulska Bogusz,"ul. Złota 63A, 00-819, Warszawa",Śródmieście,+48226209925,https://www.yelp.pl/biz/gabinet-kosmetyczny-soleil-anna-cybulska-bogusz-warszawa?adjust_creative=jzkWHrQ0ul6_pVxRueTMLg&utm_campaign=yelp_api_v3&utm_medium=api_v3_business_search&utm_source=jzkWHrQ0ul6_pVxRueTMLg,"Fryzjer, Kosmetyki",,0.0,0,52.2299309,20.9988194,yelp:hair
Gabinet Kosmetyki Lekarskiej Bella,"ul. Piękna 20, 00-549, Warszawa",Śródmieście,+48226253300,https://www.yelp.pl/biz/gabinet-kosmetyki-lekarskiej-bella-warszawa?adjust_creative=jzkWHrQ0ul6_pVxRueTMLg&utm_campaign=yelp_api_v3&utm_medium=api_v3_business_search&utm_source=jzkWHrQ0ul6_pVxRueTMLg,Spa medyczne,150–300 PLN,4.3,4,52.2236595,21.0193691,yelp:beautysvc
Galeria Fryzur 99,"ul. Orla 13, 00-143, Warszawa",Śródmieście,+48226202736,https://www.yelp.pl/biz/galeria-fryzur-99-warszawa?adjust_creative=jzkWHrQ0ul6_pVxRueTMLg&utm_campaign=yelp_api_v3&utm_medium=api_v3_business_search&utm_source=jzkWHrQ0ul6_pVxRueTMLg,"Fryzjer, Makijażyści, Manikiur i pedikiur",,3.0,2,52.2428703,20.9979992,yelp:hair+yelp
Galeria Stylu,"ul. Marszałkowska 66 / 14, 03-743, Warszawa",Śródmieście,+48504014033,https://www.yelp.pl/biz/galeria-stylu-warszawa?adjust_creative=jzkWHrQ0ul6_pVxRueTMLg&utm_campaign=yelp_api_v3&utm_medium=api_v3_business_search&utm_source=jzkWHrQ0ul6_pVxRueTMLg,Fryzjer,,1.0,1,52.225029,21.0151005,yelp:hair+yelp
Gastronomia Rozrywkowa,"ul. Szpitalna 8, 00-559, Warszawa",Śródmieście,+48228284285,https://www.yelp.pl/biz/gastronomia-rozrywkowa-warszawa-3?adjust_creative=jzkWHrQ0ul6_pVxRueTMLg&utm_campaign=yelp_api_v3&utm_medium=api_v3_business_search&utm_source=jzkWHrQ0ul6_pVxRueTMLg,"Polska, Nowoczesna europejska",,4.6,5,52.2333396,21.0147398,yelp:nailedsalons
Godavari Spa & Clinic,"ul. Marszałkowska 45 / 49 / 31, 00-648, Warszawa",Śródmieście,+48505358028,https://www.yelp.pl/biz/godavari-spa-a-clinic-warszawa?adjust_creative=jzkWHrQ0ul6_pVxRueTMLg&utm_campaign=yelp_api_v3&utm_medium=api_v3_business_search&utm_source=jzkWHrQ0ul6_pVxRueTMLg,"Spa, Pielęgnacja skóry, Depilacja laserowa",150–300 PLN,1.0,1,52.2205,21.01692,yelp:skincare
Gospoda Kwiaty Polskie,"ul. Wąski Dunaj 4 / 6 / 8, 00-256, Warszawa",Śródmieście,+48228876520,https://www.yelp.pl/biz/gospoda-kwiaty-polskie-warszawa?adjust_creative=jzkWHrQ0ul6_pVxRueTMLg&utm_campaign=yelp_api_v3&utm_medium=api_v3_business_search&utm_source=jzkWHrQ0ul6_pVxRueTMLg,Polska,50–150 PLN,4.2,18,52.24983,21.01099,yelp:nailedsalons
Gościniec Polskie Pierogi,"ul. Podwale 19, 00-252, Warszawa",Śródmieście,+48224007923,https://www.yelp.pl/biz/go%C5%9Bciniec-polskie-pierogi-warszawa-2?adjust_creative=jzkWHrQ0ul6_pVxRueTMLg&utm_campaign=yelp_api_v3&utm_medium=api_v3_business_search&utm_source=jzkWHrQ0ul6_pVxRueTMLg,Polska,50–150 PLN,4.4,22,52.249057,21.009282,yelp:nailedsalons
Gościniec Polskie Pierogi,"ul. Krakowskie Przedmieście 29, 00-071, Warszawa",Śródmieście,+48222736936,https://www.yelp.pl/biz/go%C5%9Bciniec-polskie-pierogi-warszawa-4?adjust_creative=jzkWHrQ0ul6_pVxRueTMLg&utm_campaign=yelp_api_v3&utm_medium=api_v3_business_search&utm_source=jzkWHrQ0ul6_pVxRueTMLg,Polska,50–150 PLN,4.4,25,52.24398,21.01389,yelp:nailedsalons
Gracja  Salon,"ul. Bagno 3, 00-112, Warszawa",Śródmieście,+48536014707,https://www.yelp.pl/biz/gracja-salon-warszawa?adjust_creative=jzkWHrQ0ul6_pVxRueTMLg&utm_campaign=yelp_api_v3&utm_medium=api_v3_business_search&utm_source=jzkWHrQ0ul6_pVxRueTMLg,Fryzjer,,0.0,0,52.23575,21.00593,yelp:hair
Grand Kredens,"Aleje Jerozolimskie 111, 02-017, Warszawa",Śródmieście,+48226298008,https://www.yelp.pl/biz/grand-kredens-warszawa?adjust_creative=jzkWHrQ0ul6_pVxRueTMLg&utm_campaign=yelp_api_v3&utm_medium=api_v3_business_search&utm_source=jzkWHrQ0ul6_pVxRueTMLg,"Polska, Dziczyzna",150–300 PLN,3.8,16,52.2257175233584,20.9939952300449,yelp:nailedsalons
Green Caffè Nero,"ul. Chmielna 32, 00-020, Warszawa",Śródmieście,+48224005787,https://www.yelp.pl/biz/green-caff%C3%A8-nero-warszawa-53?adjust_creative=jzkWHrQ0ul6_pVxRueTMLg&utm_campaign=yelp_api_v3&utm_medium=api_v3_business_search&utm_source=jzkWHrQ0ul6_pVxRueTMLg,"Kawiarnie, Kawa i herbata",do 50 PLN,4.7,6,52.2320239772262,21.0125783085823,yelp:nailedsalons
Green Caffè Nero,"ul. Marszałkowska 84 / 92, 00-514, Warszawa",Śródmieście,+48226298373,https://www.yelp.pl/biz/green-caff%C3%A8-nero-warszawa-52?adjust_creative=jzkWHrQ0ul6_pVxRueTMLg&utm_campaign=yelp_api_v3&utm_medium=api_v3_business_search&utm_source=jzkWHrQ0ul6_pVxRueTMLg,"Kawiarnie, Kawa i herbata",do 50 PLN,3.9,31,52.228723,21.01304,yelp:nailedsalons
Green Caffè Nero,"ul. Przeskok 2, 00-032, Warszawa",Śródmieście,+48222985991,https://www.yelp.pl/biz/green-caff%C3%A8-nero-warszawa-76?adjust_creative=jzkWHrQ0ul6_pVxRueTMLg&utm_campaign=yelp_api_v3&utm_medium=api_v3_business_search&utm_source=jzkWHrQ0ul6_pVxRueTMLg,"Kawiarnie, Kawa i herbata",do 50 PLN,4.0,2,52.2331116544926,21.0131411110474,yelp:nailedsalons
Green Caffè Nero,"ul. Boya Żeleńskiego 2, 00-621, Warszawa",Śródmieście,+48221182520,https://www.yelp.pl/biz/green-caff%C3%A8-nero-warszawa-39?adjust_creative=jzkWHrQ0ul6_pVxRueTMLg&utm_campaign=yelp_api_v3&utm_medium=api_v3_business_search&utm_source=jzkWHrQ0ul6_pVxRueTMLg,Kawiarnie,50–150 PLN,4.6,11,52.213574,21.0209823403155,yelp:nailedsalons
Green Caffè Nero,"al. Jerozolimskie 11 / 19, 00-508, Warszawa",Śródmieście,+48222584942,https://www.yelp.pl/biz/green-caff%C3%A8-nero-warszawa-38?adjust_creative=jzkWHrQ0ul6_pVxRueTMLg&utm_campaign=yelp_api_v3&utm_medium=api_v3_business_search&utm_source=jzkWHrQ0ul6_pVxRueTMLg,Kawiarnie,do 50 PLN,5.0,5,52.230932,21.018158,yelp:nailedsalons
Green Caffè Nero,"ul. Sienkiewicza 12 / 14, 00-944, Warszawa",Śródmieście,+48228282099,https://www.yelp.pl/biz/green-caff%C3%A8-nero-warszawa-55?adjust_creative=jzkWHrQ0ul6_pVxRueTMLg&utm_campaign=yelp_api_v3&utm_medium=api_v3_business_search&utm_source=jzkWHrQ0ul6_pVxRueTMLg,"Kawiarnie, Kawa i herbata",50–150 PLN,4.5,2,52.233977,21.010196,yelp:nailedsalons
Green Caffè Nero,"al. Jana Pawła II 18, 00-116, Warszawa",Śródmieście,+48222581027,https://www.yelp.pl/biz/green-caff%C3%A8-nero-warszawa-41?adjust_creative=jzkWHrQ0ul6_pVxRueTMLg&utm_campaign=yelp_api_v3&utm_medium=api_v3_business_search&utm_source=jzkWHrQ0ul6_pVxRueTMLg,"Kawiarnie, Kawa i herbata",do 50 PLN,4.3,11,52.233677,20.998824,yelp:nailedsalons
Green Way,"ul. Szpitalna 6, 00-031, Warszawa",Śródmieście,+48226250055,https://www.yelp.pl/biz/green-way-warszawa-3?adjust_creative=jzkWHrQ0ul6_pVxRueTMLg&utm_campaign=yelp_api_v3&utm_medium=api_v3_business_search&utm_source=jzkWHrQ0ul6_pVxRueTMLg,"Wegetariańska, Sałatka",do 50 PLN,4.5,11,52.2330704,21.0149803,yelp:nailedsalons
Grill Bar Egipt,"ul. Nowogrodzka 22, 00-511, Warszawa",Śródmieście,+48226297771,https://www.yelp.pl/biz/grill-bar-egipt-warszawa?adjust_creative=jzkWHrQ0ul6_pVxRueTMLg&utm_campaign=yelp_api_v3&utm_medium=api_v3_business_search&utm_source=jzkWHrQ0ul6_pVxRueTMLg,"Kebab, Turecka",do 50 PLN,4.8,10,52.2293282,21.0142307,yelp:nailedsalons
Guru,"ul. Widok 8, 00-023, Warszawa",Śródmieście,+48228570604,https://www.yelp.pl/biz/guru-warszawa-3?adjust_creative=jzkWHrQ0ul6_pVxRueTMLg&utm_campaign=yelp_api_v3&utm_medium=api_v3_business_search&utm_source=jzkWHrQ0ul6_pVxRueTMLg,"Hinduska, Bary",,5.0,6,52.23156,21.01514,yelp:nailedsalons
Hair Coif,"CH Wola Park, Warszawa",Śródmieście,+48225334156,https://www.yelp.pl/biz/hair-coif-warszawa-3?adjust_creative=jzkWHrQ0ul6_pVxRueTMLg&utm_campaign=yelp_api_v3&utm_medium=api_v3_business_search&utm_source=jzkWHrQ0ul6_pVxRueTMLg,Fryzjer,,0.0,0,52.2297442842707,21.0028286891994,yelp:hair
Hair Stylist Bartek Janusz,"ul. Mokotowska 19, 00-560, Warszawa",Śródmieście,+48228284444,https://www.yelp.pl/biz/hair-stylist-bartek-janusz-warszawa?adjust_creative=jzkWHrQ0ul6_pVxRueTMLg&utm_campaign=yelp_api_v3&utm_medium=api_v3_business_search&utm_source=jzkWHrQ0ul6_pVxRueTMLg,Fryzjer,150–300 PLN,3.0,4,52.22043,21.01814,yelp:hair
HairTime,"ul. Polna18 / 20, 00-625, Warszawa",Śródmieście,+48228258515,https://www.yelp.pl/biz/hairtime-warszawa?adjust_creative=jzkWHrQ0ul6_pVxRueTMLg&utm_campaign=yelp_api_v3&utm_medium=api_v3_business_search&utm_source=jzkWHrQ0ul6_pVxRueTMLg,Fryzjer,,0.0,0,52.2160805399575,21.0179822133983,yelp:hair
Hebe,"ul. Solec 83, 00-382, Warszawa",Śródmieście,+48222065400,https://www.yelp.pl/biz/hebe-warszawa?adjust_creative=jzkWHrQ0ul6_pVxRueTMLg&utm_campaign=yelp_api_v3&utm_medium=api_v3_business_search&utm_source=jzkWHrQ0ul6_pVxRueTMLg,"Kosmetyki, Manikiur i pedikiur",50–150 PLN,4.1,8,52.2347794,21.0327892,yelp:beautysvc
Hest,"al. Jerozolimskie 42, 00-024, Warszawa",Śródmieście,+48228028179,https://www.yelp.pl/biz/hest-warszawa-2?adjust_creative=jzkWHrQ0ul6_pVxRueTMLg&utm_campaign=yelp_api_v3&utm_medium=api_v3_business_search&utm_source=jzkWHrQ0ul6_pVxRueTMLg,"Fryzjer, Pielęgnacja skóry, Solarium",do 50 PLN,2.0,7,52.230882,21.015465,yelp:hair+yelp+yelp
Hest S T Ostrowscy,"Aleje Jerozolimskie 42, 00-024, Warszawa",Śródmieście,+48228273327,https://www.yelp.pl/biz/hest-s-t-ostrowscy-warszawa?adjust_creative=jzkWHrQ0ul6_pVxRueTMLg&utm_campaign=yelp_api_v3&utm_medium=api_v3_business_search&utm_source=jzkWHrQ0ul6_pVxRueTMLg,Fryzjer,,0.0,0,52.2307892,21.0147495,yelp:hair+yelp
Hop-Chop BarberShop,"ul. Marszałkowska 68 / 70, 00-546, Warszawa",Śródmieście,+48222510202,https://www.yelp.pl/biz/hop-chop-barbershop-warszawa?adjust_creative=jzkWHrQ0ul6_pVxRueTMLg&utm_campaign=yelp_api_v3&utm_medium=api_v3_business_search&utm_source=jzkWHrQ0ul6_pVxRueTMLg,Balwierz,50–150 PLN,5.0,1,52.22526,21.01495,yelp:beautysvc+yelp
Hoppiness,"ul. Chmielna 27 / 31 / 76, 00-021, Warszawa",Śródmieście,+48604203953,https://www.yelp.pl/biz/hoppiness-warszawa?adjust_creative=jzkWHrQ0ul6_pVxRueTMLg&utm_campaign=yelp_api_v3&utm_medium=api_v3_business_search&utm_source=jzkWHrQ0ul6_pVxRueTMLg,Gastro puby,do 50 PLN,4.3,20,52.232005,21.013563,yelp:nailedsalons
Hops,"ul. Chmielna 5, 00-021, Warszawa",Śródmieście,+48794158813,https://www.yelp.pl/biz/hops-warszawa-3?adjust_creative=jzkWHrQ0ul6_pVxRueTMLg&utm_campaign=yelp_api_v3&utm_medium=api_v3_business_search&utm_source=jzkWHrQ0ul6_pVxRueTMLg,"Nowoczesna europejska, Polska",50–150 PLN,4.8,4,52.2331445705197,21.0183812230837,yelp:nailedsalons
Hotaru,"ul. Wspólna 35, 00-519, Warszawa",Śródmieście,+48226290078,https://www.yelp.pl/biz/hotaru-warszawa?adjust_creative=jzkWHrQ0ul6_pVxRueTMLg&utm_campaign=yelp_api_v3&utm_medium=api_v3_business_search&utm_source=jzkWHrQ0ul6_pVxRueTMLg,"Sushi, Japońska",,4.5,4,52.2272186,21.0150604,yelp:nailedsalons
Hoża,"ul. Hoża 25A, 00-521, Warszawa",Śródmieście,+48515037001,https://www.yelp.pl/biz/ho%C5%BCa-warszawa-2?adjust_creative=jzkWHrQ0ul6_pVxRueTMLg&utm_campaign=yelp_api_v3&utm_medium=api_v3_business_search&utm_source=jzkWHrQ0ul6_pVxRueTMLg,"Wine bary, Kawiarnie, Steakhouse",300+ PLN,4.5,11,52.22669,21.016599,yelp:nailedsalons
HUGZ Hair&Beauty,"ul. Wilcza 66 / 68, 00-679, Warszawa",Śródmieście,+48600222833,https://www.yelp.pl/biz/hugz-hair-a-beauty-warszawa?adjust_creative=jzkWHrQ0ul6_pVxRueTMLg&utm_campaign=yelp_api_v3&utm_medium=api_v3_business_search&utm_source=jzkWHrQ0ul6_pVxRueTMLg,Fryzjer,,0.0,0,52.22352,21.00872,yelp:hair
Impuls Katarzyna Kobak,"Chmielna 30, 00-020, Warszawa",Śródmieście,+48226540526,https://www.yelp.pl/biz/impuls-katarzyna-kobak-warszawa?adjust_creative=jzkWHrQ0ul6_pVxRueTMLg&utm_campaign=yelp_api_v3&utm_medium=api_v3_business_search&utm_source=jzkWHrQ0ul6_pVxRueTMLg,Uroda i salony Spa,,0.0,0,52.2321281,21.0128899,yelp:beautysvc
InFormal Kitchen,"pl. Małachowskiego 2, 00-066, Warszawa",Śródmieście,+48531918534,https://www.yelp.pl/biz/informal-kitchen-warszawa?adjust_creative=jzkWHrQ0ul6_pVxRueTMLg&utm_campaign=yelp_api_v3&utm_medium=api_v3_business_search&utm_source=jzkWHrQ0ul6_pVxRueTMLg,"Śniadanie i brunch, Nowoczesna europejska, Włoska",50–150 PLN,3.7,25,52.2388151793802,21.0131572337991,yelp:nailedsalons
Inglot,"Złote Tarasy, Warszawa",Śródmieście,+48222220245,https://www.yelp.pl/biz/inglot-warszawa-2?adjust_creative=jzkWHrQ0ul6_pVxRueTMLg&utm_campaign=yelp_api_v3&utm_medium=api_v3_business_search&utm_source=jzkWHrQ0ul6_pVxRueTMLg,Kosmetyki,do 50 PLN,5.0,1,52.2306519,21.0023098,yelp:beautysvc
Insomnia Touch Tomasz Soćko,"ul. Hoża 9, 00-528, Warszawa",Śródmieście,+48226280236,https://www.yelp.pl/biz/insomnia-touch-tomasz-so%C4%87ko-warszawa?adjust_creative=jzkWHrQ0ul6_pVxRueTMLg&utm_campaign=yelp_api_v3&utm_medium=api_v3_business_search&utm_source=jzkWHrQ0ul6_pVxRueTMLg,Fryzjer,,0.0,0,52.2273712,21.0201302,yelp:hair
Inspira Wiśniewska Barbara Wojnarowski Maciej,"Marszałkowska 84 /  92, 00-514, Warszawa",Śródmieście,+48226210255,https://www.yelp.pl/biz/inspira-wi%C5%9Bniewska-barbara-wojnarowski-maciej-warszawa?adjust_creative=jzkWHrQ0ul6_pVxRueTMLg&utm_campaign=yelp_api_v3&utm_medium=api_v3_business_search&utm_source=jzkWHrQ0ul6_pVxRueTMLg,Uroda i salony Spa,,0.0,0,52.2284584,21.0128841,yelp:beautysvc
Instytut Estetyczny Warszawa,"Niepodległości 227, 02-087, Warszawa",Śródmieście,+48228253457,https://www.yelp.pl/biz/instytut-estetyczny-warszawa-warszawa?adjust_creative=jzkWHrQ0ul6_pVxRueTMLg&utm_campaign=yelp_api_v3&utm_medium=api_v3_business_search&utm_source=jzkWHrQ0ul6_pVxRueTMLg,Pielęgnacja skóry,,0.0,0,52.2193947,21.004591,yelp:skincare
Instytut Kitako,"ul. Piekna 24 / 26A, 00-549, Warszawa",Śródmieście,+48512744955,https://www.yelp.pl/biz/instytut-kitako-warszawa?adjust_creative=jzkWHrQ0ul6_pVxRueTMLg&utm_campaign=yelp_api_v3&utm_medium=api_v3_business_search&utm_source=jzkWHrQ0ul6_pVxRueTMLg,"Fryzjer, Pielęgnacja skóry, Manikiur i pedikiur",50–150 PLN,4.0,2,52.2238285445081,21.0178818558197,yelp:hair+yelp+yelp
Instytut Urody,"ul. Wspólna 27a, 00-519, Warszawa",Śródmieście,+48226219450,https://www.yelp.pl/biz/instytut-urody-warszawa-2?adjust_creative=jzkWHrQ0ul6_pVxRueTMLg&utm_campaign=yelp_api_v3&utm_medium=api_v3_business_search&utm_source=jzkWHrQ0ul6_pVxRueTMLg,"Fryzjer, Solarium",50–150 PLN,0.0,0,52.2274818,21.0160999,yelp:hair
Instytut Urody Sensai,"Hotel Sofitel Victoria, 00-065, Warszawa",Śródmieście,+48226578298,https://www.yelp.pl/biz/instytut-urody-sensai-warszawa?adjust_creative=jzkWHrQ0ul6_pVxRueTMLg&utm_campaign=yelp_api_v3&utm_medium=api_v3_business_search&utm_source=jzkWHrQ0ul6_pVxRueTMLg,"Pielęgnacja skóry, Masaż",,4.0,1,52.2399712,21.0133991,yelp:beautysvc+yelp
Instytut Zdrowia i Urody Yasumi Warszawa Powiśle,"ul. Wybrzeże Kościuszkowskie 45 / 1, 00-339, Warszawa",Śródmieście,+48883323737,https://www.yelp.pl/biz/instytut-zdrowia-i-urody-yasumi-warszawa-powi%C5%9Ble-warszawa?adjust_creative=jzkWHrQ0ul6_pVxRueTMLg&utm_campaign=yelp_api_v3&utm_medium=api_v3_business_search&utm_source=jzkWHrQ0ul6_pVxRueTMLg,"Masaż, Pielęgnacja skóry, Spa",50–150 PLN,0.0,0,52.2419205,21.0271301,yelp:skincare
Isla Masaż & Spa,"ul. Emilii Plater 47, 00-118, Warszawa",Śródmieście,+48883984091,https://www.yelp.pl/biz/isla-masa%C5%BC-a-spa-warszawa?adjust_creative=jzkWHrQ0ul6_pVxRueTMLg&utm_campaign=yelp_api_v3&utm_medium=api_v3_business_search&utm_source=jzkWHrQ0ul6_pVxRueTMLg,"Masaż, Spa",50–150 PLN,5.0,8,52.231724,21.00288,yelp:beautysvc
Jean Louis David,"al. Jerozolimskie 25, 00-508, Warszawa",Śródmieście,+48225009402,https://www.yelp.pl/biz/jean-louis-david-warszawa?adjust_creative=jzkWHrQ0ul6_pVxRueTMLg&utm_campaign=yelp_api_v3&utm_medium=api_v3_business_search&utm_source=jzkWHrQ0ul6_pVxRueTMLg,"Fryzjer, Manikiur i pedikiur",50–150 PLN,2.5,2,52.23027,21.01527,yelp:hair
Jean Louis David,"CH Złote Tarasy, 00-120, Warszawa",Śródmieście,+48225009402,https://www.yelp.pl/biz/jean-louis-david-warszawa-2?adjust_creative=jzkWHrQ0ul6_pVxRueTMLg&utm_campaign=yelp_api_v3&utm_medium=api_v3_business_search&utm_source=jzkWHrQ0ul6_pVxRueTMLg,Fryzjer,,3.5,2,52.23065,21.00231,yelp:hair+yelp
Jinn & Joy,"ul. Chmielna 1 / 3, 00-021, Warszawa",Śródmieście,+48731131211,https://www.yelp.pl/biz/jinn-a-joy-warszawa?adjust_creative=jzkWHrQ0ul6_pVxRueTMLg&utm_campaign=yelp_api_v3&utm_medium=api_v3_business_search&utm_source=jzkWHrQ0ul6_pVxRueTMLg,"Piekarnie, Kawiarnie, Shisha",,5.0,4,52.23315,21.01903,yelp:nailedsalons
JPY,"Bartoszewicza 1a, 00-337, Warszawa",Śródmieście,+48227589883,https://www.yelp.pl/biz/jpy-warszawa?adjust_creative=jzkWHrQ0ul6_pVxRueTMLg&utm_campaign=yelp_api_v3&utm_medium=api_v3_business_search&utm_source=jzkWHrQ0ul6_pVxRueTMLg,Kosmetyki,,0.0,0,52.2375984,21.0224895,yelp:beautysvc
Kavos Grill & Bar,"ul. Jasna 26, 00-054, Warszawa",Śródmieście,+48226927105,https://www.yelp.pl/biz/kavos-grill-a-bar-warszawa?adjust_creative=jzkWHrQ0ul6_pVxRueTMLg&utm_campaign=yelp_api_v3&utm_medium=api_v3_business_search&utm_source=jzkWHrQ0ul6_pVxRueTMLg,"Grecka, Wine bary, Grill",50–150 PLN,5.0,3,52.236776,21.010318,yelp:nailedsalons
Kebab King,"Aleje Jerozolimskie 42, 00-042, Warszawa",Śródmieście,+48228288808,https://www.yelp.pl/biz/kebab-king-warszawa-6?adjust_creative=jzkWHrQ0ul6_pVxRueTMLg&utm_campaign=yelp_api_v3&utm_medium=api_v3_business_search&utm_source=jzkWHrQ0ul6_pVxRueTMLg,"Kebab, Bliskowschodnia",50–150 PLN,3.4,18,52.2307892,21.0147495,yelp:nailedsalons
KFC,"ul. Widok 26, 00-023, Warszawa",Śródmieście,+48801464646,https://www.yelp.pl/biz/kfc-warszawa-9?adjust_creative=jzkWHrQ0ul6_pVxRueTMLg&utm_campaign=yelp_api_v3&utm_medium=api_v3_business_search&utm_source=jzkWHrQ0ul6_pVxRueTMLg,"Fast food, Dania z kurczaka, Skrzydełka kurczaka",,3.0,1,52.2310105655846,21.0123368844274,yelp:nailedsalons
Kirke Wojciech Giziski,"ul. Krucza 6 / 14, 00-548, Warszawa",Śródmieście,+48226294038,https://www.yelp.pl/biz/kirke-wojciech-giziski-warszawa?adjust_creative=jzkWHrQ0ul6_pVxRueTMLg&utm_campaign=yelp_api_v3&utm_medium=api_v3_business_search&utm_source=jzkWHrQ0ul6_pVxRueTMLg,Fryzjer,,0.0,0,52.2237968,21.0201607,yelp:hair
Klinika Przeszczepu Włosów,"ul. Sienna 86, 00-815, Warszawa",Śródmieście,+48222523054,https://www.yelp.pl/biz/klinika-przeszczepu-w%C5%82os%C3%B3w-warszawa?adjust_creative=jzkWHrQ0ul6_pVxRueTMLg&utm_campaign=yelp_api_v3&utm_medium=api_v3_business_search&utm_source=jzkWHrQ0ul6_pVxRueTMLg,Centra leczenia łysienia,,4.0,1,52.2300286,20.9918605999653,yelp:beautysvc
Klub Sauna Galla,"Ptasia 2, 00-138, Warszawa",Śródmieście,+48226521986,https://www.yelp.pl/biz/klub-sauna-galla-warszawa?adjust_creative=jzkWHrQ0ul6_pVxRueTMLg&utm_campaign=yelp_api_v3&utm_medium=api_v3_business_search&utm_source=jzkWHrQ0ul6_pVxRueTMLg,"Kluby gejowskie, Spa",,0.0,0,52.2402,21.0017109,yelp:beautysvc
Kobiety i Kolory,"ul. Grzybowska 3, 00-131, Warszawa",Śródmieście,+48600270404,https://www.yelp.pl/biz/kobiety-i-kolory-warszawa?adjust_creative=jzkWHrQ0ul6_pVxRueTMLg&utm_campaign=yelp_api_v3&utm_medium=api_v3_business_search&utm_source=jzkWHrQ0ul6_pVxRueTMLg,Kosmetyki,150–300 PLN,5.0,1,52.2370924238527,21.002487167716,yelp:beautysvc
Komiks Powiśle - Fryzjerstwo,"ul. Radna 12, 00-341, Warszawa",Śródmieście,+48881436056,https://www.yelp.pl/biz/komiks-powi%C5%9Ble-fryzjerstwo-warszawa?adjust_creative=jzkWHrQ0ul6_pVxRueTMLg&utm_campaign=yelp_api_v3&utm_medium=api_v3_business_search&utm_source=jzkWHrQ0ul6_pVxRueTMLg,Fryzjer,50–150 PLN,4.5,2,52.2408071,21.023343,yelp:hair+yelp
Kosmetyka. Salon urody. Fryzjerstwo,"aleja Jana Pawła II 45a/53b, 01-008, Warszawa",Śródmieście,+48796368645,https://www.yelp.pl/biz/kosmetyka-salon-urody-fryzjerstwo-warszawa?adjust_creative=jzkWHrQ0ul6_pVxRueTMLg&utm_campaign=yelp_api_v3&utm_medium=api_v3_business_search&utm_source=jzkWHrQ0ul6_pVxRueTMLg,"Kosmetyki, Fryzjer",,3.0,1,52.2328911,20.9996204,yelp:hair
Koszykowa Sklep Fryzjerski,"ul. Koszykowa 53, 00-659, Warszawa",Śródmieście,+48226215887,https://www.yelp.pl/biz/koszykowa-sklep-fryzjerski-warszawa?adjust_creative=jzkWHrQ0ul6_pVxRueTMLg&utm_campaign=yelp_api_v3&utm_medium=api_v3_business_search&utm_source=jzkWHrQ0ul6_pVxRueTMLg,Kosmetyki,50–150 PLN,3.5,2,52.222654,21.014096,yelp:beautysvc
Kreatornia Zdrowia i Relaksu,"ul. Żurawia 20A / 05, 00-515, Warszawa",Śródmieście,+48880593033,https://www.yelp.pl/biz/kreatornia-zdrowia-i-relaksu-warszawa?adjust_creative=jzkWHrQ0ul6_pVxRueTMLg&utm_campaign=yelp_api_v3&utm_medium=api_v3_business_search&utm_source=jzkWHrQ0ul6_pVxRueTMLg,Masaż,do 50 PLN,5.0,2,52.2287,21.01599,yelp:beautysvc
Krowarzywa,"ul. Hoża 29 / 31, 00-521, Warszawa",Śródmieście,+48516894767,https://www.yelp.pl/biz/krowarzywa-warszawa-5?adjust_creative=jzkWHrQ0ul6_pVxRueTMLg&utm_campaign=yelp_api_v3&utm_medium=api_v3_business_search&utm_source=jzkWHrQ0ul6_pVxRueTMLg,"Burgery, Wegańska",do 50 PLN,4.3,20,52.2261712,21.0145881,yelp:nailedsalons
Kryolan,"ul. Piękna 58, 00-672, Warszawa",Śródmieście,+48226217445,https://www.yelp.pl/biz/kryolan-warszawa?adjust_creative=jzkWHrQ0ul6_pVxRueTMLg&utm_campaign=yelp_api_v3&utm_medium=api_v3_business_search&utm_source=jzkWHrQ0ul6_pVxRueTMLg,Kosmetyki,,5.0,1,52.2230426,21.011529,yelp:beautysvc
Kufle i Kapsle,"ul. Nowogrodzka 25, 00-511, Warszawa",Śródmieście,+48221277218,https://www.yelp.pl/biz/kufle-i-kapsle-warszawa?adjust_creative=jzkWHrQ0ul6_pVxRueTMLg&utm_campaign=yelp_api_v3&utm_medium=api_v3_business_search&utm_source=jzkWHrQ0ul6_pVxRueTMLg,Puby,50–150 PLN,4.1,40,52.2291302239186,21.0143189285438,yelp:nailedsalons
La Casa Del Habano,"ul. Nowy Świat 7, 00-496, Warszawa",Śródmieście,+48790300599,https://www.yelp.pl/biz/la-casa-del-habano-warszawa?adjust_creative=jzkWHrQ0ul6_pVxRueTMLg&utm_campaign=yelp_api_v3&utm_medium=api_v3_business_search&utm_source=jzkWHrQ0ul6_pVxRueTMLg,"Sklepy tytoniowe, Lounge",150–300 PLN,4.4,7,52.2305952571871,21.0211799533729,yelp:nailedsalons
La Sucette,"ul. Mokotowska 46 / 11, 00-543, Warszawa",Śródmieście,+48603623393,https://www.yelp.pl/biz/la-sucette-warszawa?adjust_creative=jzkWHrQ0ul6_pVxRueTMLg&utm_campaign=yelp_api_v3&utm_medium=api_v3_business_search&utm_source=jzkWHrQ0ul6_pVxRueTMLg,"Manikiur i pedikiur, Stylizacja brwi",50–150 PLN,5.0,1,52.22505,21.01716,yelp:beautysvc
La Tomatina,"ul. Krucza 47, 00-509, Warszawa",Śródmieście,+48226251047,https://www.yelp.pl/biz/la-tomatina-warszawa?adjust_creative=jzkWHrQ0ul6_pVxRueTMLg&utm_campaign=yelp_api_v3&utm_medium=api_v3_business_search&utm_source=jzkWHrQ0ul6_pVxRueTMLg,"Włoska, Pizza",50–150 PLN,4.0,37,52.2301788,21.0162907,yelp:nailedsalons
La'Bor,"ul. Zgoda 1, 00-018, Warszawa",Śródmieście,+48228273037,https://www.yelp.pl/biz/labor-warszawa-2?adjust_creative=jzkWHrQ0ul6_pVxRueTMLg&utm_campaign=yelp_api_v3&utm_medium=api_v3_business_search&utm_source=jzkWHrQ0ul6_pVxRueTMLg,"Węgierska, Wine bary, Śniadanie i brunch",50–150 PLN,3.9,7,52.23251,21.01433,yelp:nailedsalons
Labour,"ul. Tamka 49, 00-355, Warszawa",Śródmieście,+48224169150,https://www.yelp.pl/biz/labour-warszawa?adjust_creative=jzkWHrQ0ul6_pVxRueTMLg&utm_campaign=yelp_api_v3&utm_medium=api_v3_business_search&utm_source=jzkWHrQ0ul6_pVxRueTMLg,"Kawa i herbata, Śniadanie i brunch, Kawiarnie",do 50 PLN,4.3,20,52.23625,21.02077,yelp:nailedsalons
Laestelle,"ul. Koszykowa 59, 00-660, Warszawa",Śródmieście,+48733400015,https://www.yelp.pl/biz/laestelle-warszawa-2?adjust_creative=jzkWHrQ0ul6_pVxRueTMLg&utm_campaign=yelp_api_v3&utm_medium=api_v3_business_search&utm_source=jzkWHrQ0ul6_pVxRueTMLg,"Masaż, Pielęgnacja skóry, Przedłużanie rzęs",,0.0,0,52.222411,21.012087,yelp:skincare
Lemon,"ul. Sienkiewicza 6, 00-013, Warszawa",Śródmieście,+48228295544,https://www.yelp.pl/biz/lemon-warszawa-2?adjust_creative=jzkWHrQ0ul6_pVxRueTMLg&utm_campaign=yelp_api_v3&utm_medium=api_v3_business_search&utm_source=jzkWHrQ0ul6_pVxRueTMLg,"Włoska, Burgery",50–150 PLN,4.0,15,52.234424,21.012101,yelp:nailedsalons
Lemoniadowy Joe,"ul. Chmielna 28, 00-020, Warszawa",Śródmieście,+48790621035,https://www.yelp.pl/biz/lemoniadowy-joe-warszawa?adjust_creative=jzkWHrQ0ul6_pVxRueTMLg&utm_campaign=yelp_api_v3&utm_medium=api_v3_business_search&utm_source=jzkWHrQ0ul6_pVxRueTMLg,Bary,50–150 PLN,4.0,2,52.2320998,21.0131553,yelp:nailedsalons
Lisbon Barbers,"ul. Tamka 36, 00-353, Warszawa",Śródmieście,+48536134163,https://www.yelp.pl/biz/lisbon-barbers-warszawa?adjust_creative=jzkWHrQ0ul6_pVxRueTMLg&utm_campaign=yelp_api_v3&utm_medium=api_v3_business_search&utm_source=jzkWHrQ0ul6_pVxRueTMLg,Balwierz,,0.0,0,52.23693,21.0240657974722,yelp:barbers
Loft,"ul. Złota 11, 00-019, Warszawa",Śródmieście,+48668016964,https://www.yelp.pl/biz/loft-warszawa-2?adjust_creative=jzkWHrQ0ul6_pVxRueTMLg&utm_campaign=yelp_api_v3&utm_medium=api_v3_business_search&utm_source=jzkWHrQ0ul6_pVxRueTMLg,Nowoczesna europejska,50–150 PLN,3.1,23,52.2323636,21.0113865,yelp:nailedsalons
Lokanta,"Ul. Nowogrodzka 47A, 00-659, Warszawa",Śródmieście,+48225851004,https://www.yelp.pl/biz/lokanta-warszawa-2?adjust_creative=jzkWHrQ0ul6_pVxRueTMLg&utm_campaign=yelp_api_v3&utm_medium=api_v3_business_search&utm_source=jzkWHrQ0ul6_pVxRueTMLg,"Śródziemnomorska, Kluby",150–300 PLN,3.4,14,52.2277298,21.0081406,yelp:nailedsalons
Lucyna Rossa | makijaż | body painting,"ul. Fabryczna 14, 00-446, Warszawa",Śródmieście,+48886205406,https://www.yelp.pl/biz/lucyna-rossa-makija%C5%BC-body-painting-warszawa?adjust_creative=jzkWHrQ0ul6_pVxRueTMLg&utm_campaign=yelp_api_v3&utm_medium=api_v3_business_search&utm_source=jzkWHrQ0ul6_pVxRueTMLg,Makijażyści,,0.0,0,52.2246251,21.0386108,yelp:makeupartists
Lukullus,"ul. Chmielna 32, 00-020, Warszawa",Śródmieście,+48726262608,https://www.yelp.pl/biz/lukullus-warszawa-10?adjust_creative=jzkWHrQ0ul6_pVxRueTMLg&utm_campaign=yelp_api_v3&utm_medium=api_v3_business_search&utm_source=jzkWHrQ0ul6_pVxRueTMLg,"Ciastka, Kawiarnie, Piekarnie",50–150 PLN,4.2,6,52.23204,21.01246,yelp:nailedsalons
MAC Cosmetics,"Złote Tarasy, 00-120, Warszawa",Śródmieście,+48697916170,https://www.yelp.pl/biz/mac-cosmetics-warszawa-2?adjust_creative=jzkWHrQ0ul6_pVxRueTMLg&utm_campaign=yelp_api_v3&utm_medium=api_v3_business_search&utm_source=jzkWHrQ0ul6_pVxRueTMLg,Kosmetyki,,3.5,2,52.2306519,21.0023098,yelp:beautysvc
Malayka,"ul. Sienna 55 / 9, 00-820, Warszawa",Śródmieście,+48223312525,https://www.yelp.pl/biz/malayka-warszawa-2?adjust_creative=jzkWHrQ0ul6_pVxRueTMLg&utm_campaign=yelp_api_v3&utm_medium=api_v3_business_search&utm_source=jzkWHrQ0ul6_pVxRueTMLg,Fryzjer,,4.0,1,52.2310905,20.9984894,yelp:hair+yelp
Mandala,"ul. Emilli Plater 9 / 11, 00-669, Warszawa",Śródmieście,+48228910619,https://www.yelp.pl/biz/mandala-warszawa?adjust_creative=jzkWHrQ0ul6_pVxRueTMLg&utm_campaign=yelp_api_v3&utm_medium=api_v3_business_search&utm_source=jzkWHrQ0ul6_pVxRueTMLg,"Hinduska, Nepalska, Tajska",50–150 PLN,4.1,35,52.223666,21.007299,yelp:nailedsalons
Manekin,"ul. Marszałkowska 140, 00-061, Warszawa",Śródmieście,+48228260753,https://www.yelp.pl/biz/manekin-warszawa-2?adjust_creative=jzkWHrQ0ul6_pVxRueTMLg&utm_campaign=yelp_api_v3&utm_medium=api_v3_business_search&utm_source=jzkWHrQ0ul6_pVxRueTMLg,Naleśnikarnie,do 50 PLN,3.6,50,52.237751,21.007611,yelp:nailedsalons
Marco Aldany,"Ul.Złota 59, 00-120, Warszawa",Śródmieście,+48222220497,https://www.yelp.pl/biz/marco-aldany-warszawa?adjust_creative=jzkWHrQ0ul6_pVxRueTMLg&utm_campaign=yelp_api_v3&utm_medium=api_v3_business_search&utm_source=jzkWHrQ0ul6_pVxRueTMLg,Fryzjer,,3.0,1,52.2306519,21.0023098,yelp:hair
Małgorzata Leszkowicz Salon Fryzjerski Salonik Piękności,"ul. Sliska 3, 00-127, Warszawa",Śródmieście,+48226523884,https://www.yelp.pl/biz/ma%C5%82gorzata-leszkowicz-salon-fryzjerski-salonik-pi%C4%99kno%C5%9Bci-warszawa?adjust_creative=jzkWHrQ0ul6_pVxRueTMLg&utm_campaign=yelp_api_v3&utm_medium=api_v3_business_search&utm_source=jzkWHrQ0ul6_pVxRueTMLg,"Makijażyści, Fryzjer",,0.0,0,52.2323914,21.0018406,yelp:hair+yelp
Mela Verde,"ul. Chmielna 8, 00-020, Warszawa",Śródmieście,+48228266346,https://www.yelp.pl/biz/mela-verde-warszawa-2?adjust_creative=jzkWHrQ0ul6_pVxRueTMLg&utm_campaign=yelp_api_v3&utm_medium=api_v3_business_search&utm_source=jzkWHrQ0ul6_pVxRueTMLg,"Włoska, Pizza",50–150 PLN,4.0,22,52.2330894,21.0177803,yelp:nailedsalons
Meta Disco,"ul. Parkingowa 5, 00-024, Warszawa",Śródmieście,+48225210652,https://www.yelp.pl/biz/meta-disco-warszawa?adjust_creative=jzkWHrQ0ul6_pVxRueTMLg&utm_campaign=yelp_api_v3&utm_medium=api_v3_business_search&utm_source=jzkWHrQ0ul6_pVxRueTMLg,"Bary, Kluby, Przystawki/przekąski",do 50 PLN,1.9,9,52.2288828695223,21.0138510532316,yelp:nailedsalons
Metro Jazz Bar & Bistro,"Hotel Metropol, 00-693, Warszawa",Śródmieście,+48223253106,https://www.yelp.pl/biz/metro-jazz-bar-a-bistro-warszawa?adjust_creative=jzkWHrQ0ul6_pVxRueTMLg&utm_campaign=yelp_api_v3&utm_medium=api_v3_business_search&utm_source=jzkWHrQ0ul6_pVxRueTMLg,"Bistro, Jazz i blues, Bary",do 50 PLN,3.0,2,52.22899,21.0110199,yelp:nailedsalons
Milek Design,"ul. Hoża 40, 00-516, Warszawa",Śródmieście,+48228910449,https://www.yelp.pl/biz/milek-design-warszawa-3?adjust_creative=jzkWHrQ0ul6_pVxRueTMLg&utm_campaign=yelp_api_v3&utm_medium=api_v3_business_search&utm_source=jzkWHrQ0ul6_pVxRueTMLg,Fryzjer,50–150 PLN,3.7,7,52.22677,21.01521,yelp:hair+yelp
Milek Design,"ul. Tamka 29, 00-349, Warszawa",Śródmieście,+48515415555,https://www.yelp.pl/biz/milek-design-warszawa-2?adjust_creative=jzkWHrQ0ul6_pVxRueTMLg&utm_campaign=yelp_api_v3&utm_medium=api_v3_business_search&utm_source=jzkWHrQ0ul6_pVxRueTMLg,"Fryzjer, Manikiur i pedikiur",,5.0,1,52.237102,21.025608,yelp:hair+yelp
Milek Design,"pl. Dąbrowskiego 7, 00-057, Warszawa",Śródmieście,+48508292694,https://www.yelp.pl/biz/milek-design-warszawa?adjust_creative=jzkWHrQ0ul6_pVxRueTMLg&utm_campaign=yelp_api_v3&utm_medium=api_v3_business_search&utm_source=jzkWHrQ0ul6_pVxRueTMLg,"Fryzjer, Manikiur i pedikiur",150–300 PLN,3.4,5,52.2372372248889,21.0085736623353,yelp:hair+yelp
Ministerstwo Kawy,"ul. Marszałkowska 27/35, 00-639, Warszawa",Śródmieście,+48503080906,https://www.yelp.pl/biz/ministerstwo-kawy-warszawa?adjust_creative=jzkWHrQ0ul6_pVxRueTMLg&utm_campaign=yelp_api_v3&utm_medium=api_v3_business_search&utm_source=jzkWHrQ0ul6_pVxRueTMLg,"Kawiarnie, Kawa i herbata",do 50 PLN,4.2,53,52.2186089,21.0184002,yelp:nailedsalons
Między Bułkami,"al. Jerozolimskie 23, 00-508, Warszawa",Śródmieście,+48226221992,https://www.yelp.pl/biz/mi%C4%99dzy-bu%C5%82kami-warszawa?adjust_creative=jzkWHrQ0ul6_pVxRueTMLg&utm_campaign=yelp_api_v3&utm_medium=api_v3_business_search&utm_source=jzkWHrQ0ul6_pVxRueTMLg,"Burgery, Śniadanie i brunch",50–150 PLN,3.5,52,52.230452,21.0155901,yelp:nailedsalons
Między Nami Cafe,"ul. Bracka 20, 00-028, Warszawa",Śródmieście,+48228279441,https://www.yelp.pl/biz/mi%C4%99dzy-nami-cafe-warszawa?adjust_creative=jzkWHrQ0ul6_pVxRueTMLg&utm_campaign=yelp_api_v3&utm_medium=api_v3_business_search&utm_source=jzkWHrQ0ul6_pVxRueTMLg,"Kawiarnie, Kawa i herbata",50–150 PLN,3.5,19,52.2319717,21.0164795,yelp:nailedsalons
Między Słowami,"ul. Chmielna 30, 00-020, Warszawa",Śródmieście,+48228267468,https://www.yelp.pl/biz/mi%C4%99dzy-s%C5%82owami-warszawa?adjust_creative=jzkWHrQ0ul6_pVxRueTMLg&utm_campaign=yelp_api_v3&utm_medium=api_v3_business_search&utm_source=jzkWHrQ0ul6_pVxRueTMLg,"Kawiarnie, Kawa i herbata",50–150 PLN,3.7,19,52.2321281,21.0128899,yelp:nailedsalons
Momu,"ul. Wierzbowa 9 / 11, 00-094, Warszawa",Śródmieście,+48506100001,https://www.yelp.pl/biz/momu-warszawa?adjust_creative=jzkWHrQ0ul6_pVxRueTMLg&utm_campaign=yelp_api_v3&utm_medium=api_v3_business_search&utm_source=jzkWHrQ0ul6_pVxRueTMLg,"Nowoczesna europejska, Polska, Bary",50–150 PLN,3.1,40,52.2434981993612,21.0081107541919,yelp:nailedsalons
Monday Academy Maciej Wróblewski,"Widok 8, 00-023, Warszawa",Śródmieście,+48226906789,https://www.yelp.pl/biz/monday-academy-maciej-wr%C3%B3blewski-warszawa?adjust_creative=jzkWHrQ0ul6_pVxRueTMLg&utm_campaign=yelp_api_v3&utm_medium=api_v3_business_search&utm_source=jzkWHrQ0ul6_pVxRueTMLg,Uroda i salony Spa,,0.0,0,52.2315598,21.0151405,yelp:beautysvc
Montenegro,"ul. Natolińska 3, 00-562, Warszawa",Śródmieście,+48885787887,https://www.yelp.pl/biz/montenegro-warszawa-2?adjust_creative=jzkWHrQ0ul6_pVxRueTMLg&utm_campaign=yelp_api_v3&utm_medium=api_v3_business_search&utm_source=jzkWHrQ0ul6_pVxRueTMLg,"Śródziemnomorska, Serbsko-chorwacka, Owoce morza",50–150 PLN,4.0,8,52.2213639,21.0203547,yelp:nailedsalons
Mydlarnia,"ul. Bracka 20, 00-028, Warszawa",Śródmieście,+48228285417,https://www.yelp.pl/biz/mydlarnia-warszawa?adjust_creative=jzkWHrQ0ul6_pVxRueTMLg&utm_campaign=yelp_api_v3&utm_medium=api_v3_business_search&utm_source=jzkWHrQ0ul6_pVxRueTMLg,"Zakupy, Uroda i salony Spa",,5.0,1,52.2318,21.0165,yelp:beautysvc
Mydlarnia u Franciszka,"ul. Okólnik  11 A, 00-368, Warszawa",Śródmieście,+48502229649,https://www.yelp.pl/biz/mydlarnia-u-franciszka-warszawa-2?adjust_creative=jzkWHrQ0ul6_pVxRueTMLg&utm_campaign=yelp_api_v3&utm_medium=api_v3_business_search&utm_source=jzkWHrQ0ul6_pVxRueTMLg,Kosmetyki,50–150 PLN,4.3,3,52.2358704,21.0213699,yelp:beautysvc
Mydlarnia u Franciszka,"ul. Koszykowa 30, 00-553, Warszawa",Śródmieście,+48226217175,https://www.yelp.pl/biz/mydlarnia-u-franciszka-warszawa?adjust_creative=jzkWHrQ0ul6_pVxRueTMLg&utm_campaign=yelp_api_v3&utm_medium=api_v3_business_search&utm_source=jzkWHrQ0ul6_pVxRueTMLg,"Pielęgnacja skóry, Kosmetyki",,4.0,2,52.2224083,21.0177994,yelp:beautysvc+yelp
N31 Restaurant & Bar,"ul. Nowogrodzka 31, 00-511, Warszawa",Śródmieście,+48600861961,https://www.yelp.pl/biz/n31-restaurant-a-bar-warszawa?adjust_creative=jzkWHrQ0ul6_pVxRueTMLg&utm_campaign=yelp_api_v3&utm_medium=api_v3_business_search&utm_source=jzkWHrQ0ul6_pVxRueTMLg,"Polska, Nowoczesna europejska",,4.7,9,52.22882,21.01333,yelp:nailedsalons
Nail & Beauty Bar,"ul. Mokotowska 26, 00-561, Warszawa",Śródmieście,+48226211404,https://www.yelp.pl/biz/nail-a-beauty-bar-warszawa?adjust_creative=jzkWHrQ0ul6_pVxRueTMLg&utm_campaign=yelp_api_v3&utm_medium=api_v3_business_search&utm_source=jzkWHrQ0ul6_pVxRueTMLg,"Manikiur i pedikiur, Pielęgnacja skóry",50–150 PLN,0.0,0,52.2219537880682,21.0195525797628,yelp:skincare
Nail Mania,"ul. Żelazna 31, 00-806, Warszawa",Śródmieście,+48603819755,https://www.yelp.pl/biz/nail-mania-warszawa?adjust_creative=jzkWHrQ0ul6_pVxRueTMLg&utm_campaign=yelp_api_v3&utm_medium=api_v3_business_search&utm_source=jzkWHrQ0ul6_pVxRueTMLg,Manikiur i pedikiur,50–150 PLN,4.0,1,52.22877,20.9942,yelp:beautysvc
Nail Spa Marzena Kanclerska,"ul. Emilii Plater 36, 00-113, Warszawa",Śródmieście,+48226510609,https://www.yelp.pl/biz/nail-spa-marzena-kanclerska-warszawa?adjust_creative=jzkWHrQ0ul6_pVxRueTMLg&utm_campaign=yelp_api_v3&utm_medium=api_v3_business_search&utm_source=jzkWHrQ0ul6_pVxRueTMLg,"Manikiur i pedikiur, Masaż, Pielęgnacja skóry",,0.0,0,52.2347705146832,21.0017854060717,yelp:skincare
Nail&GO,"ul. Polna 42 / 21, Warszawa",Śródmieście,+48690908690,https://www.yelp.pl/biz/nail-a-go-warszawa?adjust_creative=jzkWHrQ0ul6_pVxRueTMLg&utm_campaign=yelp_api_v3&utm_medium=api_v3_business_search&utm_source=jzkWHrQ0ul6_pVxRueTMLg,"Manikiur i pedikiur, Makijażyści",,0.0,0,52.2186012,21.0145607,yelp:makeupartists
Namaste India,"ul. Nowogrodzka 15, 00-511, Warszawa",Śródmieście,+48223570939,https://www.yelp.pl/biz/namaste-india-warszawa?adjust_creative=jzkWHrQ0ul6_pVxRueTMLg&utm_campaign=yelp_api_v3&utm_medium=api_v3_business_search&utm_source=jzkWHrQ0ul6_pVxRueTMLg,Hinduska,50–150 PLN,4.0,32,52.2295799,21.01651,yelp:nailedsalons
Neoperfumeria Galilu,"Mokotowska 26, 00-561, Warszawa",Śródmieście,+48226283000,https://www.yelp.pl/biz/neoperfumeria-galilu-warszawa?adjust_creative=jzkWHrQ0ul6_pVxRueTMLg&utm_campaign=yelp_api_v3&utm_medium=api_v3_business_search&utm_source=jzkWHrQ0ul6_pVxRueTMLg,"Zdrowie i medycyna, Kosmetyki",,4.5,2,52.2218513,21.0195007,yelp:beautysvc
Oasis Beauty Day Spa,"al. Jerozolimskie 65 / 79 / 20, 00-697, Warszawa",Śródmieście,+48787040799,https://www.yelp.pl/biz/oasis-beauty-day-spa-warszawa-2?adjust_creative=jzkWHrQ0ul6_pVxRueTMLg&utm_campaign=yelp_api_v3&utm_medium=api_v3_business_search&utm_source=jzkWHrQ0ul6_pVxRueTMLg,"Spa, Masaż, Spa medyczne",,5.0,2,52.2277,21.00483,yelp:beautysvc
Oasis Massage & Spa,"ul. Królewska 2, 00-065, Warszawa",Śródmieście,+48224359336,https://www.yelp.pl/biz/oasis-massage-a-spa-warszawa?adjust_creative=jzkWHrQ0ul6_pVxRueTMLg&utm_campaign=yelp_api_v3&utm_medium=api_v3_business_search&utm_source=jzkWHrQ0ul6_pVxRueTMLg,"Masaż, Spa",50–150 PLN,4.0,2,52.2408295,21.0151901,yelp:beautysvc
Oaza Relaksu,"ul. Corazziego 5, 00-087, Warszawa",Śródmieście,+48222431195,https://www.yelp.pl/biz/oaza-relaksu-warszawa?adjust_creative=jzkWHrQ0ul6_pVxRueTMLg&utm_campaign=yelp_api_v3&utm_medium=api_v3_business_search&utm_source=jzkWHrQ0ul6_pVxRueTMLg,Fryzjer,50–150 PLN,4.5,2,52.2440491,21.0041504,yelp:hair+yelp
Oh My Pho,"ul. Wilcza 32, 00-547, Warszawa",Śródmieście,+48579126183,https://www.yelp.pl/biz/oh-my-pho-warszawa?adjust_creative=jzkWHrQ0ul6_pVxRueTMLg&utm_campaign=yelp_api_v3&utm_medium=api_v3_business_search&utm_source=jzkWHrQ0ul6_pVxRueTMLg,Wietnamska,do 50 PLN,4.5,20,52.2249528675683,21.0155770994163,yelp:nailedsalons
Oliva,"ul. Ordynacka 10 / 12, 00-358, Warszawa",Śródmieście,+48501497410,https://www.yelp.pl/biz/oliva-warszawa-2?adjust_creative=jzkWHrQ0ul6_pVxRueTMLg&utm_campaign=yelp_api_v3&utm_medium=api_v3_business_search&utm_source=jzkWHrQ0ul6_pVxRueTMLg,"Włoska, Pizza, Polska",150–300 PLN,3.9,13,52.2359223,21.019735,yelp:nailedsalons
Panorama Sky Bar,"Al. Jerozolimskie 65 / 79, 00-697, Warszawa",Śródmieście,+48226307435,https://www.yelp.pl/biz/panorama-sky-bar-warszawa?adjust_creative=jzkWHrQ0ul6_pVxRueTMLg&utm_campaign=yelp_api_v3&utm_medium=api_v3_business_search&utm_source=jzkWHrQ0ul6_pVxRueTMLg,Lounge,150–300 PLN,3.5,20,52.227829,21.005004,yelp:nailedsalons
Pardon To Tu,"al. Armii Ludowej 14, 00-637, Warszawa",Śródmieście,+48513191641,https://www.yelp.pl/biz/pardon-to-tu-warszawa?adjust_creative=jzkWHrQ0ul6_pVxRueTMLg&utm_campaign=yelp_api_v3&utm_medium=api_v3_business_search&utm_source=jzkWHrQ0ul6_pVxRueTMLg,"Płyty winylowe, Księgarnie, Puby",50–150 PLN,4.4,28,52.217736,21.013244,yelp:nailedsalons
Paros,"ul. Jasna 14 / 16A, 00-041, Warszawa",Śródmieście,+48228281067,https://www.yelp.pl/biz/paros-warszawa?adjust_creative=jzkWHrQ0ul6_pVxRueTMLg&utm_campaign=yelp_api_v3&utm_medium=api_v3_business_search&utm_source=jzkWHrQ0ul6_pVxRueTMLg,"Grecka, Wine bary, Śródziemnomorska",150–300 PLN,3.6,16,52.2352954067036,21.0112266580162,yelp:nailedsalons
Paula & Alexandro,"ul.Krakowskie Przedmieście 47/51, 00-071, Warszawa",Śródmieście,+48228284403,https://www.yelp.pl/biz/paula-a-alexandro-warszawa?adjust_creative=jzkWHrQ0ul6_pVxRueTMLg&utm_campaign=yelp_api_v3&utm_medium=api_v3_business_search&utm_source=jzkWHrQ0ul6_pVxRueTMLg,Fryzjer,,2.0,2,52.2447701,21.0137405,yelp:hair
Paweł Mikowski Haircut Factory,"Nowy Świat 53 /  105, 00-042, Warszawa",Śródmieście,+48224980140,https://www.yelp.pl/biz/pawe%C5%82-mikowski-haircut-factory-warszawa?adjust_creative=jzkWHrQ0ul6_pVxRueTMLg&utm_campaign=yelp_api_v3&utm_medium=api_v3_business_search&utm_source=jzkWHrQ0ul6_pVxRueTMLg,Uroda i salony Spa,,0.0,0,52.2356796,21.0180092,yelp:beautysvc
Pałac Kultury i Nauki,"pl. Defilad 1, 00-110, Warszawa",Śródmieście,+48226567600,https://www.yelp.pl/biz/pa%C5%82ac-kultury-i-nauki-warszawa?adjust_creative=jzkWHrQ0ul6_pVxRueTMLg&utm_campaign=yelp_api_v3&utm_medium=api_v3_business_search&utm_source=jzkWHrQ0ul6_pVxRueTMLg,"Zabytki i budowle historyczne, Jedyne w swoim rodzaju",,4.1,45,52.23209,21.00621,yelp:nailedsalons
Perli Smile Spa,"ul. Polna 52, 02-508, Warszawa",Śródmieście,+48660459459,https://www.yelp.pl/biz/perli-smile-spa-warszawa?adjust_creative=jzkWHrQ0ul6_pVxRueTMLg&utm_campaign=yelp_api_v3&utm_medium=api_v3_business_search&utm_source=jzkWHrQ0ul6_pVxRueTMLg,Wybielanie zębów ,,4.7,3,52.219506,21.013136,yelp:beautysvc
Pianka,"ul. Zgoda 12, 00-012, Warszawa",Śródmieście,+48228273003,https://www.yelp.pl/biz/pianka-warszawa?adjust_creative=jzkWHrQ0ul6_pVxRueTMLg&utm_campaign=yelp_api_v3&utm_medium=api_v3_business_search&utm_source=jzkWHrQ0ul6_pVxRueTMLg,"Puby, Burgery",150–300 PLN,4.3,3,52.2336851871993,21.0113515332341,yelp:nailedsalons
Piekarnia Aromat,"ul. Sienna 39, 00-121, Warszawa",Śródmieście,+48226200819,https://www.yelp.pl/biz/piekarnia-aromat-warszawa?adjust_creative=jzkWHrQ0ul6_pVxRueTMLg&utm_campaign=yelp_api_v3&utm_medium=api_v3_business_search&utm_source=jzkWHrQ0ul6_pVxRueTMLg,"Kawiarnie, Piekarnie, Kawa i herbata",do 50 PLN,4.6,29,52.2318497,21.0018196,yelp:nailedsalons
Pijalni Wódki i Piwa,"ul. Nowogrodzka 27, 00-518, Warszawa",Śródmieście,+48514770407,https://www.yelp.pl/biz/pijalni-w%C3%B3dki-i-piwa-warszawa?adjust_creative=jzkWHrQ0ul6_pVxRueTMLg&utm_campaign=yelp_api_v3&utm_medium=api_v3_business_search&utm_source=jzkWHrQ0ul6_pVxRueTMLg,Bary,,4.5,2,52.2290077699793,21.0139575765646,yelp:nailedsalons
Pijalnia Czekolady E. Wedel,"ul. Krakowskie Przedmieście 45, 00-071, Warszawa",Śródmieście,+48228284288,https://www.yelp.pl/biz/pijalnia-czekolady-e-wedel-warszawa-10?adjust_creative=jzkWHrQ0ul6_pVxRueTMLg&utm_campaign=yelp_api_v3&utm_medium=api_v3_business_search&utm_source=jzkWHrQ0ul6_pVxRueTMLg,"Kawiarnie, Sklepy z czekoladą",do 50 PLN,4.6,10,52.24462,21.01376,yelp:nailedsalons
Pijalnia Czekolady E. Wedel,"ul. Szpitalna 8, 00-031, Warszawa",Śródmieście,+48228272916,https://www.yelp.pl/biz/pijalnia-czekolady-e-wedel-warszawa-5?adjust_creative=jzkWHrQ0ul6_pVxRueTMLg&utm_campaign=yelp_api_v3&utm_medium=api_v3_business_search&utm_source=jzkWHrQ0ul6_pVxRueTMLg,"Ciastka, Kawiarnie",50–150 PLN,4.2,74,52.233442,21.014719,yelp:nailedsalons
Piotr Walicki & Dmitrij Tuszmanakow,"ul. Wspólna 71 / 1, 00-687, Warszawa",Śródmieście,+48226290752,https://www.yelp.pl/biz/piotr-walicki-a-dmitrij-tuszmanakow-warszawa?adjust_creative=jzkWHrQ0ul6_pVxRueTMLg&utm_campaign=yelp_api_v3&utm_medium=api_v3_business_search&utm_source=jzkWHrQ0ul6_pVxRueTMLg,Fryzjer,,0.0,0,52.2257195,21.0074902,yelp:hair
Pizza Hut,"ul. Widok 26, 00-023, Warszawa",Śródmieście,+48713861523,https://www.yelp.pl/biz/pizza-hut-warszawa-20?adjust_creative=jzkWHrQ0ul6_pVxRueTMLg&utm_campaign=yelp_api_v3&utm_medium=api_v3_business_search&utm_source=jzkWHrQ0ul6_pVxRueTMLg,Pizza,50–150 PLN,3.0,7,52.2309685,21.0123901,yelp:nailedsalons
Platter,"ul. Emilii Plater 49, 00-125, Warszawa",Śródmieście,+48223288730,https://www.yelp.pl/biz/platter-warszawa?adjust_creative=jzkWHrQ0ul6_pVxRueTMLg&utm_campaign=yelp_api_v3&utm_medium=api_v3_business_search&utm_source=jzkWHrQ0ul6_pVxRueTMLg,Nowoczesna europejska,300+ PLN,5.0,7,52.23242,21.00273,yelp:nailedsalons
Podwale 25,"ul. Podwale 25, 00-261, Warsaw",Śródmieście,+48226356314,https://www.yelp.pl/biz/podwale-25-warsaw?adjust_creative=jzkWHrQ0ul6_pVxRueTMLg&utm_campaign=yelp_api_v3&utm_medium=api_v3_business_search&utm_source=jzkWHrQ0ul6_pVxRueTMLg,Polska,50–150 PLN,3.9,63,52.2498409,21.0091,yelp:nailedsalons
Polana Smaków,"ul. Emilii Plater 14, 00-669, Warszawa",Śródmieście,+48533363367,https://www.yelp.pl/biz/polana-smak%C3%B3w-warszawa?adjust_creative=jzkWHrQ0ul6_pVxRueTMLg&utm_campaign=yelp_api_v3&utm_medium=api_v3_business_search&utm_source=jzkWHrQ0ul6_pVxRueTMLg,"Nowoczesna europejska, Polska",,4.8,5,52.22433,21.0079,yelp:nailedsalons
Południk Zero,"ul.Wilcza 25, 00-544, Warszawa",Śródmieście,+48504492981,https://www.yelp.pl/biz/po%C5%82udnik-zero-warszawa?adjust_creative=jzkWHrQ0ul6_pVxRueTMLg&utm_campaign=yelp_api_v3&utm_medium=api_v3_business_search&utm_source=jzkWHrQ0ul6_pVxRueTMLg,"Kawa i herbata, Kawiarnie, Ciastka",do 50 PLN,4.3,7,52.2250519,21.0171604,yelp:nailedsalons
Pracownia Laki Loki,"ul. Jaracza 3 / 200, 00-378, Warszawa",Śródmieście,+48226251632,https://www.yelp.pl/biz/pracownia-laki-loki-warszawa?adjust_creative=jzkWHrQ0ul6_pVxRueTMLg&utm_campaign=yelp_api_v3&utm_medium=api_v3_business_search&utm_source=jzkWHrQ0ul6_pVxRueTMLg,Fryzjer,,5.0,1,52.2372818,21.0323792,yelp:hair+yelp
Pracownia Stylizacji Fryzur i Makijażu,"ul. Brzozowa 20, 00-286, Warszawa",Śródmieście,+48501250170,https://www.yelp.pl/biz/pracownia-stylizacji-fryzur-i-makija%C5%BCu-warszawa?adjust_creative=jzkWHrQ0ul6_pVxRueTMLg&utm_campaign=yelp_api_v3&utm_medium=api_v3_business_search&utm_source=jzkWHrQ0ul6_pVxRueTMLg,Fryzjer,,0.0,0,52.251,21.0123,yelp:hair
Pretty You Gabinet Kosmetyczno Fryzjerski B Wiśniewska,"ul. Żurawia 32 / 15, 00-515, Warszawa",Śródmieście,+48226210255,https://www.yelp.pl/biz/pretty-you-gabinet-kosmetyczno-fryzjerski-b-wi%C5%9Bniewska-warszawa?adjust_creative=jzkWHrQ0ul6_pVxRueTMLg&utm_campaign=yelp_api_v3&utm_medium=api_v3_business_search&utm_source=jzkWHrQ0ul6_pVxRueTMLg,Fryzjer,,0.0,0,52.2282257,21.0138931,yelp:hair+yelp
Prime cut,"ul. Twarda 18, 00-105, Warszawa",Śródmieście,+48733082233,https://www.yelp.pl/biz/prime-cut-warszawa?adjust_creative=jzkWHrQ0ul6_pVxRueTMLg&utm_campaign=yelp_api_v3&utm_medium=api_v3_business_search&utm_source=jzkWHrQ0ul6_pVxRueTMLg,"Nowoczesna europejska, Owoce morza, Steakhouse",,5.0,11,52.23443,20.99936,yelp:nailedsalons
Prodiż Warszawski,"Poznańska 16, 00-680, Warszawa",Śródmieście,+48221277171,https://www.yelp.pl/biz/prodi%C5%BC-warszawski-warszawa?adjust_creative=jzkWHrQ0ul6_pVxRueTMLg&utm_campaign=yelp_api_v3&utm_medium=api_v3_business_search&utm_source=jzkWHrQ0ul6_pVxRueTMLg,Polska,,4.8,19,52.22521,21.012,yelp:nailedsalons
Przedsiębiorstwo Wielobranżowe Iwa 1,"Marszałkowska 28, 00-576, Warszawa",Śródmieście,+48226285269,https://www.yelp.pl/biz/przedsi%C4%99biorstwo-wielobran%C5%BCowe-iwa-1-warszawa?adjust_creative=jzkWHrQ0ul6_pVxRueTMLg&utm_campaign=yelp_api_v3&utm_medium=api_v3_business_search&utm_source=jzkWHrQ0ul6_pVxRueTMLg,Balwierz,,0.0,0,52.2188416,21.0188198,yelp:barbers
Przyjaciele,"ul. Mokotowska 49A / 1, Warszawa",Śródmieście,+48530108867,https://www.yelp.pl/biz/przyjaciele-warszawa-3?adjust_creative=jzkWHrQ0ul6_pVxRueTMLg&utm_campaign=yelp_api_v3&utm_medium=api_v3_business_search&utm_source=jzkWHrQ0ul6_pVxRueTMLg,"Fryzjer, Kosmetyki",300+ PLN,5.0,1,52.2244324,21.0208912,yelp:hair+yelp
Radio Cafe,"ul. Nowogrodzka 56, 00-695, Warszawa",Śródmieście,+48226252784,https://www.yelp.pl/biz/radio-cafe-warszawa?adjust_creative=jzkWHrQ0ul6_pVxRueTMLg&utm_campaign=yelp_api_v3&utm_medium=api_v3_business_search&utm_source=jzkWHrQ0ul6_pVxRueTMLg,Polska,50–150 PLN,4.4,85,52.2276658,21.0066719,yelp:nailedsalons
Ramona Bar,"ul. Widok 18, Warszawa",Śródmieście,+48221140070,https://www.yelp.pl/biz/ramona-bar-warszawa?adjust_creative=jzkWHrQ0ul6_pVxRueTMLg&utm_campaign=yelp_api_v3&utm_medium=api_v3_business_search&utm_source=jzkWHrQ0ul6_pVxRueTMLg,Bary,,4.0,2,52.2312902734751,21.0133527964354,yelp:nailedsalons
Relax Cafe Bar,"ul. Złota 8A, 00-019, Warszawa",Śródmieście,+48501597905,https://www.yelp.pl/biz/relax-cafe-bar-warszawa?adjust_creative=jzkWHrQ0ul6_pVxRueTMLg&utm_campaign=yelp_api_v3&utm_medium=api_v3_business_search&utm_source=jzkWHrQ0ul6_pVxRueTMLg,"Kawiarnie, Kawa i herbata",do 50 PLN,4.2,23,52.2332043063927,21.0107913975538,yelp:nailedsalons
Relax Mind&Body,"ul. Krakowskie Przedmieście 16 / 18 / 6, 00-325, Warszawa",Śródmieście,+48793303331,https://www.yelp.pl/biz/relax-mind-a-body-warszawa-3?adjust_creative=jzkWHrQ0ul6_pVxRueTMLg&utm_campaign=yelp_api_v3&utm_medium=api_v3_business_search&utm_source=jzkWHrQ0ul6_pVxRueTMLg,"Masaż, Spa",,0.0,0,52.239298,21.017526,yelp:beautysvc
Restauracja Delicja Polska,"ul. Krakowskie Przedmieście 64, 00-322, Warszawa",Śródmieście,+48228264770,https://www.yelp.pl/biz/restauracja-delicja-polska-warszawa-2?adjust_creative=jzkWHrQ0ul6_pVxRueTMLg&utm_campaign=yelp_api_v3&utm_medium=api_v3_business_search&utm_source=jzkWHrQ0ul6_pVxRueTMLg,"Polska, Miejsca i przestrzenie na imprezy",300+ PLN,4.3,12,52.24548,21.01442,yelp:nailedsalons
Restauracja Libańska Fenicja,"ul. Świętokrzyska 32, 00-116, Warszawa",Śródmieście,+48510759795,https://www.yelp.pl/biz/restauracja-liba%C5%84ska-fenicja-warszawa-3?adjust_creative=jzkWHrQ0ul6_pVxRueTMLg&utm_campaign=yelp_api_v3&utm_medium=api_v3_business_search&utm_source=jzkWHrQ0ul6_pVxRueTMLg,Bliskowschodnia,50–150 PLN,4.0,23,52.2344240938951,21.0033334695841,yelp:nailedsalons
Restauracja Manoush,"ul. Jasna 10, 00-013, Warszawa",Śródmieście,+48224004433,https://www.yelp.pl/biz/restauracja-manoush-warszawa?adjust_creative=jzkWHrQ0ul6_pVxRueTMLg&utm_campaign=yelp_api_v3&utm_medium=api_v3_business_search&utm_source=jzkWHrQ0ul6_pVxRueTMLg,"Nowoczesna europejska, Bary, Kawiarnie",150–300 PLN,5.0,2,52.2344192253252,21.011891382209,yelp:nailedsalons
Restro,"ul. Pańska 57, 00-830, Warszawa",Śródmieście,+48226202266,https://www.yelp.pl/biz/restro-warszawa-2?adjust_creative=jzkWHrQ0ul6_pVxRueTMLg&utm_campaign=yelp_api_v3&utm_medium=api_v3_business_search&utm_source=jzkWHrQ0ul6_pVxRueTMLg,Nowoczesna europejska,do 50 PLN,4.5,39,52.2318687,20.9957008,yelp:nailedsalons
Rostowski Barber Shop,"ul. Koszykowa 58, 00-673, Warszawa",Śródmieście,+48663551666,https://www.yelp.pl/biz/rostowski-barber-shop-warszawa?adjust_creative=jzkWHrQ0ul6_pVxRueTMLg&utm_campaign=yelp_api_v3&utm_medium=api_v3_business_search&utm_source=jzkWHrQ0ul6_pVxRueTMLg,Balwierz,150–300 PLN,3.0,3,52.2226906,21.0121098,yelp:beautysvc+yelp
Rotor Club,"ul. Chmielna 24, 00-020, Warszawa",Śródmieście,+48228270172,https://www.yelp.pl/biz/rotor-club-warszawa?adjust_creative=jzkWHrQ0ul6_pVxRueTMLg&utm_campaign=yelp_api_v3&utm_medium=api_v3_business_search&utm_source=jzkWHrQ0ul6_pVxRueTMLg,Fryzjer,50–150 PLN,4.0,1,52.2323608,21.0138493,yelp:hair+yelp
Rusiko,"Al. Ujazdowskie 22, 00-478, Warszawa",Śródmieście,+48226290628,https://www.yelp.pl/biz/rusiko-warszawa?adjust_creative=jzkWHrQ0ul6_pVxRueTMLg&utm_campaign=yelp_api_v3&utm_medium=api_v3_business_search&utm_source=jzkWHrQ0ul6_pVxRueTMLg,Gruzińska,50–150 PLN,4.5,45,52.22673,21.02374,yelp:nailedsalons
Sahara,"ul. Krucza 51, 00-022, Warszawa",Śródmieście,+48226545747,https://www.yelp.pl/biz/sahara-warszawa?adjust_creative=jzkWHrQ0ul6_pVxRueTMLg&utm_campaign=yelp_api_v3&utm_medium=api_v3_business_search&utm_source=jzkWHrQ0ul6_pVxRueTMLg,"Kebab, Turecka",do 50 PLN,4.1,16,52.23148,21.01575,yelp:nailedsalons
Salad Story,"Złote Tarasy, Warszawa",Śródmieście,+48222220377,https://www.yelp.pl/biz/salad-story-warszawa-6?adjust_creative=jzkWHrQ0ul6_pVxRueTMLg&utm_campaign=yelp_api_v3&utm_medium=api_v3_business_search&utm_source=jzkWHrQ0ul6_pVxRueTMLg,"Sałatka, Zupy, Kanapki",do 50 PLN,4.0,9,52.2298879455613,21.0030914738652,yelp:nailedsalons
Salon Fryzjerski Barbara Styl,"ul. Solec 103, 00-382, Warszawa",Śródmieście,+48226211718,https://www.yelp.pl/biz/salon-fryzjerski-barbara-styl-warszawa?adjust_creative=jzkWHrQ0ul6_pVxRueTMLg&utm_campaign=yelp_api_v3&utm_medium=api_v3_business_search&utm_source=jzkWHrQ0ul6_pVxRueTMLg,Fryzjer,50–150 PLN,0.0,0,52.23623,21.02955,yelp:hair
Salon Fryzjerski Catley Krzysztof Brodzki,"ul. Piękna 62 / 64, 00-679, Warszawa",Śródmieście,+48226291420,https://www.yelp.pl/biz/salon-fryzjerski-catley-krzysztof-brodzki-warszawa?adjust_creative=jzkWHrQ0ul6_pVxRueTMLg&utm_campaign=yelp_api_v3&utm_medium=api_v3_business_search&utm_source=jzkWHrQ0ul6_pVxRueTMLg,Fryzjer,,0.0,0,52.2229843,21.0104656,yelp:hair
Salon Fryzjerski Diva Anna Wolaska Diomira Troszyska,"ul. Bracka 11 / 13, 00-028, Warszawa",Śródmieście,+48226268961,https://www.yelp.pl/biz/salon-fryzjerski-diva-anna-wolaska-diomira-troszyska-warszawa?adjust_creative=jzkWHrQ0ul6_pVxRueTMLg&utm_campaign=yelp_api_v3&utm_medium=api_v3_business_search&utm_source=jzkWHrQ0ul6_pVxRueTMLg,Fryzjer,,0.0,0,52.2308083,21.0188198,yelp:hair
Salon Fryzjerski Lach Anna,"ul. Wilcza 13 / 26, 00-538, Warszawa",Śródmieście,+48226286363,https://www.yelp.pl/biz/salon-fryzjerski-lach-anna-warszawa?adjust_creative=jzkWHrQ0ul6_pVxRueTMLg&utm_campaign=yelp_api_v3&utm_medium=api_v3_business_search&utm_source=jzkWHrQ0ul6_pVxRueTMLg,Fryzjer,,0.0,0,52.2256012,21.0197792,yelp:hair
Salon Fryzjerski Mira,"ul.Ujazdowskie 18, 00-478, Warszawa",Śródmieście,+48226219966,https://www.yelp.pl/biz/salon-fryzjerski-mira-warszawa?adjust_creative=jzkWHrQ0ul6_pVxRueTMLg&utm_campaign=yelp_api_v3&utm_medium=api_v3_business_search&utm_source=jzkWHrQ0ul6_pVxRueTMLg,Fryzjer,,2.0,1,52.2262917,21.0238609,yelp:hair
Salon Fryzjerski New Fashion Ewa Ziemska,"ul. Nowogrodzka 15 / 3, 00-511, Warszawa",Śródmieście,+48226294215,https://www.yelp.pl/biz/salon-fryzjerski-new-fashion-ewa-ziemska-warszawa?adjust_creative=jzkWHrQ0ul6_pVxRueTMLg&utm_campaign=yelp_api_v3&utm_medium=api_v3_business_search&utm_source=jzkWHrQ0ul6_pVxRueTMLg,Fryzjer,,0.0,0,52.2295799,21.01651,yelp:hair+yelp
Salon Fryzjerski Olimp Irena Leszonek,"ul. Marszałkowska 140, 00-061, Warszawa",Śródmieście,+48228269258,https://www.yelp.pl/biz/salon-fryzjerski-olimp-irena-leszonek-warszawa?adjust_creative=jzkWHrQ0ul6_pVxRueTMLg&utm_campaign=yelp_api_v3&utm_medium=api_v3_business_search&utm_source=jzkWHrQ0ul6_pVxRueTMLg,Fryzjer,,0.0,0,52.2371788,21.0078201,yelp:hair
Salon Fryzjerski Patrycja,"ul. Poznańska 37, Warszawa",Śródmieście,+48226288810,https://www.yelp.pl/biz/salon-fryzjerski-patrycja-warszawa?adjust_creative=jzkWHrQ0ul6_pVxRueTMLg&utm_campaign=yelp_api_v3&utm_medium=api_v3_business_search&utm_source=jzkWHrQ0ul6_pVxRueTMLg,Fryzjer,,3.5,2,52.2287483,21.0098209,yelp:hair+yelp
Salon Fryzjerski Perukarstwo Danuta Gonera,"ul. Widok 22, 00-023, Warszawa",Śródmieście,+48228284103,https://www.yelp.pl/biz/salon-fryzjerski-perukarstwo-danuta-gonera-warszawa?adjust_creative=jzkWHrQ0ul6_pVxRueTMLg&utm_campaign=yelp_api_v3&utm_medium=api_v3_business_search&utm_source=jzkWHrQ0ul6_pVxRueTMLg,Fryzjer,,0.0,0,52.2310982,21.01297,yelp:hair+yelp
Salon Fryzjerski Ryszard Ryszard Droździak,"ul. Marszałkowska 18, 00-628, Warszawa",Śródmieście,+48226284791,https://www.yelp.pl/biz/salon-fryzjerski-ryszard-ryszard-dro%C5%BAdziak-warszawa?adjust_creative=jzkWHrQ0ul6_pVxRueTMLg&utm_campaign=yelp_api_v3&utm_medium=api_v3_business_search&utm_source=jzkWHrQ0ul6_pVxRueTMLg,Fryzjer,,0.0,0,52.2160797,21.02038,yelp:hair
Salon Fryzjerski Stanisław Perlik,"ul. Mokotowska 55, Warszawa",Śródmieście,+48226210683,https://www.yelp.pl/biz/salon-fryzjerski-stanis%C5%82aw-perlik-warszawa?adjust_creative=jzkWHrQ0ul6_pVxRueTMLg&utm_campaign=yelp_api_v3&utm_medium=api_v3_business_search&utm_source=jzkWHrQ0ul6_pVxRueTMLg,Balwierz,,0.0,0,52.2251282,21.0213203,yelp:barbers
Salon Fryzjerski Timonier Marzena Sternicka,"Cecylii Śniegockiej 15 /  9, 00-430, Warszawa",Śródmieście,+48228333283,https://www.yelp.pl/biz/salon-fryzjerski-timonier-marzena-sternicka-warszawa?adjust_creative=jzkWHrQ0ul6_pVxRueTMLg&utm_campaign=yelp_api_v3&utm_medium=api_v3_business_search&utm_source=jzkWHrQ0ul6_pVxRueTMLg,Balwierz,,0.0,0,52.2263603,21.0355301,yelp:barbers
Salon Fryzjerski Tina,"Poznaska 23, 00-685, Warszawa",Śródmieście,+48226218421,https://www.yelp.pl/biz/salon-fryzjerski-tina-warszawa?adjust_creative=jzkWHrQ0ul6_pVxRueTMLg&utm_campaign=yelp_api_v3&utm_medium=api_v3_business_search&utm_source=jzkWHrQ0ul6_pVxRueTMLg,Balwierz,,0.0,0,52.2264519,21.0110397,yelp:barbers
Salon Fryzjerski Wiesław Szewczyk,"ul.Hoża 40, 00-516, Warszawa",Śródmieście,+48226220781,https://www.yelp.pl/biz/salon-fryzjerski-wies%C5%82aw-szewczyk-warszawa?adjust_creative=jzkWHrQ0ul6_pVxRueTMLg&utm_campaign=yelp_api_v3&utm_medium=api_v3_business_search&utm_source=jzkWHrQ0ul6_pVxRueTMLg,Fryzjer,,0.0,0,52.2267685,21.0152092,yelp:hair
Salon Fryzjerski Wojciech Zieliski,"ul. Mokotowska 46, 00-543, Warszawa",Śródmieście,+48226218583,https://www.yelp.pl/biz/salon-fryzjerski-wojciech-zieliski-warszawa?adjust_creative=jzkWHrQ0ul6_pVxRueTMLg&utm_campaign=yelp_api_v3&utm_medium=api_v3_business_search&utm_source=jzkWHrQ0ul6_pVxRueTMLg,Fryzjer,,0.0,0,52.2247009,21.02145,yelp:hair
Salon Fryzjersko Kosmetyczny Dorota Wrońska,"ul. Mariensztat 19A / 3, 00-302, Warszawa",Śródmieście,+48228266323,https://www.yelp.pl/biz/salon-fryzjersko-kosmetyczny-dorota-wro%C5%84ska-warszawa?adjust_creative=jzkWHrQ0ul6_pVxRueTMLg&utm_campaign=yelp_api_v3&utm_medium=api_v3_business_search&utm_source=jzkWHrQ0ul6_pVxRueTMLg,Fryzjer,50–150 PLN,5.0,1,52.2460213,21.0170708,yelp:hair+yelp
Salon Fryzur,"ul.Wilcza 13, 00-538, Warszawa",Śródmieście,+48226286363,https://www.yelp.pl/biz/salon-fryzur-warszawa?adjust_creative=jzkWHrQ0ul6_pVxRueTMLg&utm_campaign=yelp_api_v3&utm_medium=api_v3_business_search&utm_source=jzkWHrQ0ul6_pVxRueTMLg,Fryzjer,,0.0,0,52.2256012,21.0197792,yelp:hair
Salon Krzysztof,"Aleja Jana Pawła II 15, Warszawa",Śródmieście,+48226977923,https://www.yelp.pl/biz/salon-krzysztof-warszawa?adjust_creative=jzkWHrQ0ul6_pVxRueTMLg&utm_campaign=yelp_api_v3&utm_medium=api_v3_business_search&utm_source=jzkWHrQ0ul6_pVxRueTMLg,Fryzjer,,0.0,0,52.2325727907863,20.9977598648709,yelp:hair
Salon Masażu Tajskiego Thai Mai,"al. Jana Pawła II 20, 00-133, Warszawa",Śródmieście,+48500700860,https://www.yelp.pl/biz/salon-masa%C5%BCu-tajskiego-thai-mai-warszawa-4?adjust_creative=jzkWHrQ0ul6_pVxRueTMLg&utm_campaign=yelp_api_v3&utm_medium=api_v3_business_search&utm_source=jzkWHrQ0ul6_pVxRueTMLg,Masaż,,5.0,1,52.2346299,20.9984598766864,yelp:beautysvc
Salon Nowogrodzka,"ul. Nowogrodzka 42, 00-695, Warszawa",Śródmieście,+48226217834,https://www.yelp.pl/biz/salon-nowogrodzka-warszawa?adjust_creative=jzkWHrQ0ul6_pVxRueTMLg&utm_campaign=yelp_api_v3&utm_medium=api_v3_business_search&utm_source=jzkWHrQ0ul6_pVxRueTMLg,"Fryzjer, Manikiur i pedikiur",,0.0,0,52.22842,21.00977,yelp:hair
Salon Sense of  Beauty,"ul. Lwowska 11 / 4A, Warszawa",Śródmieście,+48793555025,https://www.yelp.pl/biz/salon-sense-of-beauty-warszawa?adjust_creative=jzkWHrQ0ul6_pVxRueTMLg&utm_campaign=yelp_api_v3&utm_medium=api_v3_business_search&utm_source=jzkWHrQ0ul6_pVxRueTMLg,"Pielęgnacja skóry, Manikiur i pedikiur",,0.0,0,52.22163,21.01232,yelp:skincare
Salon Tina,"ul. Wspólna 57, 00-685, Warszawa",Śródmieście,+48226217546,https://www.yelp.pl/biz/salon-tina-warszawa?adjust_creative=jzkWHrQ0ul6_pVxRueTMLg&utm_campaign=yelp_api_v3&utm_medium=api_v3_business_search&utm_source=jzkWHrQ0ul6_pVxRueTMLg,"Manikiur i pedikiur, Pielęgnacja skóry, Fryzjer",,0.0,0,52.2264,21.0105499,yelp:hair+yelp
Salon Wilcza 18/1,"ul. Wilcza 18/1, 00-001, Warszawa",Śródmieście,+48226274221,https://www.yelp.pl/biz/salon-wilcza-18-1-warszawa?adjust_creative=jzkWHrQ0ul6_pVxRueTMLg&utm_campaign=yelp_api_v3&utm_medium=api_v3_business_search&utm_source=jzkWHrQ0ul6_pVxRueTMLg,Fryzjer,300+ PLN,0.0,0,52.2258394,21.0197357,yelp:hair
Salon Zdrowia i Urody Perfekt,"ul. Solec 81B, 00-402, Warszawa",Śródmieście,+48506182774,https://www.yelp.pl/biz/salon-zdrowia-i-urody-perfekt-warszawa-2?adjust_creative=jzkWHrQ0ul6_pVxRueTMLg&utm_campaign=yelp_api_v3&utm_medium=api_v3_business_search&utm_source=jzkWHrQ0ul6_pVxRueTMLg,"Manikiur i pedikiur, Pielęgnacja skóry, Spa",,0.0,0,52.23439,21.03354,yelp:skincare
Salto,"Hotel Rialto, 00-679, Warszawa",Śródmieście,+48225848771,https://www.yelp.pl/biz/salto-warszawa?adjust_creative=jzkWHrQ0ul6_pVxRueTMLg&utm_campaign=yelp_api_v3&utm_medium=api_v3_business_search&utm_source=jzkWHrQ0ul6_pVxRueTMLg,"Hiszpańska, Argentyńska",300+ PLN,4.6,5,52.2231619,21.0079979,yelp:nailedsalons
Sam,"ul. Lipowa 7A, 00-316, Warszawa",Śródmieście,+48600806084,https://www.yelp.pl/biz/sam-warszawa-4?adjust_creative=jzkWHrQ0ul6_pVxRueTMLg&utm_campaign=yelp_api_v3&utm_medium=api_v3_business_search&utm_source=jzkWHrQ0ul6_pVxRueTMLg,"Kawiarnie, Śniadanie i brunch, Piekarnie",50–150 PLN,4.2,42,52.241359,21.023352,yelp:nailedsalons
Same Fusy,"ul. Nowomiejska 10, 00-271, Warszawa",Śródmieście,+48226359014,https://www.yelp.pl/biz/same-fusy-warszawa?adjust_creative=jzkWHrQ0ul6_pVxRueTMLg&utm_campaign=yelp_api_v3&utm_medium=api_v3_business_search&utm_source=jzkWHrQ0ul6_pVxRueTMLg,"Kawa i herbata, Kawiarnie",50–150 PLN,4.3,36,52.2502799,21.01107,yelp:nailedsalons
Sana Pes,"ul. Foksal 12 / 14, 00-366, Warszawa",Śródmieście,+48531217567,https://www.yelp.pl/biz/sana-pes-warszawa?adjust_creative=jzkWHrQ0ul6_pVxRueTMLg&utm_campaign=yelp_api_v3&utm_medium=api_v3_business_search&utm_source=jzkWHrQ0ul6_pVxRueTMLg,Manikiur i pedikiur,50–150 PLN,5.0,1,52.2341087844435,21.0218293375802,yelp:beautysvc
Secado,"ul. Marszałkowska 66, 00-545, Warszawa",Śródmieście,+48608707799,https://www.yelp.pl/biz/secado-warszawa?adjust_creative=jzkWHrQ0ul6_pVxRueTMLg&utm_campaign=yelp_api_v3&utm_medium=api_v3_business_search&utm_source=jzkWHrQ0ul6_pVxRueTMLg,"Hiszpańska, Nowoczesna europejska, Owoce morza",50–150 PLN,3.6,28,52.2250170528789,21.0151150077581,yelp:nailedsalons
Senses,"ul. Bielańska 12, 00-085, Warszawa",Śródmieście,+48223319697,https://www.yelp.pl/biz/senses-warszawa-2?adjust_creative=jzkWHrQ0ul6_pVxRueTMLg&utm_campaign=yelp_api_v3&utm_medium=api_v3_business_search&utm_source=jzkWHrQ0ul6_pVxRueTMLg,"Nowoczesna europejska, Polska",300+ PLN,4.6,10,52.2445537,21.0060378,yelp:nailedsalons
Sephora,"ul. Nowy Świat 15 / 17, 00-029, Warszawa",Śródmieście,+48226257733,https://www.yelp.pl/biz/sephora-warszawa-3?adjust_creative=jzkWHrQ0ul6_pVxRueTMLg&utm_campaign=yelp_api_v3&utm_medium=api_v3_business_search&utm_source=jzkWHrQ0ul6_pVxRueTMLg,Kosmetyki,150–300 PLN,3.0,2,52.232259,21.019811,yelp:beautysvc
Sheesha Lounge,"Al. jerozolimskie 33, 00-508, Warszawa",Śródmieście,+48228282525,https://www.yelp.pl/biz/sheesha-lounge-warszawa-2?adjust_creative=jzkWHrQ0ul6_pVxRueTMLg&utm_campaign=yelp_api_v3&utm_medium=api_v3_business_search&utm_source=jzkWHrQ0ul6_pVxRueTMLg,"Hinduska, Arabic, Lounge",50–150 PLN,3.3,11,52.2295750460489,21.0134774637468,yelp:nailedsalons
Shipudei Berek,"ul. Jasna 24, 00-054, Warszawa",Śródmieście,+48228262510,https://www.yelp.pl/biz/shipudei-berek-warszawa?adjust_creative=jzkWHrQ0ul6_pVxRueTMLg&utm_campaign=yelp_api_v3&utm_medium=api_v3_business_search&utm_source=jzkWHrQ0ul6_pVxRueTMLg,"Żydowska, Śródziemnomorska, Śniadanie i brunch",50–150 PLN,4.1,84,52.2364,21.01056,yelp:nailedsalons
Signature,"ul. Poznańska 15, 00-680, Warszawa",Śródmieście,+48225538755,https://www.yelp.pl/biz/signature-warszawa?adjust_creative=jzkWHrQ0ul6_pVxRueTMLg&utm_campaign=yelp_api_v3&utm_medium=api_v3_business_search&utm_source=jzkWHrQ0ul6_pVxRueTMLg,Nowoczesna europejska,300+ PLN,4.4,5,52.225075,21.0117873,yelp:nailedsalons
Sobremesa Tapas Bar,"ul. Koszykowa 63, 00-667, Warszawa",Śródmieście,+48739044422,https://www.yelp.pl/biz/sobremesa-tapas-bar-warszawa?adjust_creative=jzkWHrQ0ul6_pVxRueTMLg&utm_campaign=yelp_api_v3&utm_medium=api_v3_business_search&utm_source=jzkWHrQ0ul6_pVxRueTMLg,"Tapas, Hiszpańska, Cocktail bary",do 50 PLN,5.0,1,52.22253,21.01148,yelp:nailedsalons
Sofra,"ul. Wilcza 71, 00-679, Warszawa",Śródmieście,+48731847731,https://www.yelp.pl/biz/sofra-warszawa-2?adjust_creative=jzkWHrQ0ul6_pVxRueTMLg&utm_campaign=yelp_api_v3&utm_medium=api_v3_business_search&utm_source=jzkWHrQ0ul6_pVxRueTMLg,"Bliskowschodnia, Bistro, Kawa i herbata",50–150 PLN,4.0,28,52.22332,21.00879,yelp:nailedsalons
Soul Kitchen,"ul. Nowogrodzka 18A, 00-511, Warszawa",Śródmieście,+48519020888,https://www.yelp.pl/biz/soul-kitchen-warszawa-3?adjust_creative=jzkWHrQ0ul6_pVxRueTMLg&utm_campaign=yelp_api_v3&utm_medium=api_v3_business_search&utm_source=jzkWHrQ0ul6_pVxRueTMLg,"Polska, Międzynarodowy",50–150 PLN,4.7,60,52.2294617,21.0147591,yelp:nailedsalons
Spacca Napoli,"ul. Świętokrzyska 30, 00-116, Warszawa",Śródmieście,+48221279399,https://www.yelp.pl/biz/spacca-napoli-warszawa?adjust_creative=jzkWHrQ0ul6_pVxRueTMLg&utm_campaign=yelp_api_v3&utm_medium=api_v3_business_search&utm_source=jzkWHrQ0ul6_pVxRueTMLg,Włoska,50–150 PLN,4.4,34,52.2349153,21.0054584,yelp:nailedsalons
Spice Lashes,"ul. Ggórnośląska 25, 00-432, Warszawa",Śródmieście,+48506097041,https://www.yelp.pl/biz/spice-lashes-warszawa?adjust_creative=jzkWHrQ0ul6_pVxRueTMLg&utm_campaign=yelp_api_v3&utm_medium=api_v3_business_search&utm_source=jzkWHrQ0ul6_pVxRueTMLg,Przedłużanie rzęs,,0.0,0,52.2250214,21.0356903,yelp:beautysvc
Spiskowcy Rozkoszy,"ul. Żurawia 47, 00-680, Warszawa",Śródmieście,+48796671950,https://www.yelp.pl/biz/spiskowcy-rozkoszy-warszawa?adjust_creative=jzkWHrQ0ul6_pVxRueTMLg&utm_campaign=yelp_api_v3&utm_medium=api_v3_business_search&utm_source=jzkWHrQ0ul6_pVxRueTMLg,"Kawa i herbata, Puby, Kawiarnie",do 50 PLN,4.0,14,52.2275391,21.0113392,yelp:nailedsalons
Spring Roll,"ul. Szpitalna 3, 00-031, Warszawa",Śródmieście,+48224681264,https://www.yelp.pl/biz/spring-roll-warszawa?adjust_creative=jzkWHrQ0ul6_pVxRueTMLg&utm_campaign=yelp_api_v3&utm_medium=api_v3_business_search&utm_source=jzkWHrQ0ul6_pVxRueTMLg,Wietnamska,do 50 PLN,3.6,14,52.23283,21.01474,yelp:nailedsalons
Stara Baba Tattoo,"ul. Nowogrodzka 7/9 m. 22, 00-513, Warszawa",Śródmieście,+48226292970,https://www.yelp.pl/biz/stara-baba-tattoo-warszawa?adjust_creative=jzkWHrQ0ul6_pVxRueTMLg&utm_campaign=yelp_api_v3&utm_medium=api_v3_business_search&utm_source=jzkWHrQ0ul6_pVxRueTMLg,Tatuaż,,4.5,2,52.22995,21.01828,yelp:beautysvc
Stara Kamienica,"ul. Widok 8, 00-029, Warszawa",Śródmieście,+48226906767,https://www.yelp.pl/biz/stara-kamienica-warszawa?adjust_creative=jzkWHrQ0ul6_pVxRueTMLg&utm_campaign=yelp_api_v3&utm_medium=api_v3_business_search&utm_source=jzkWHrQ0ul6_pVxRueTMLg,"Bary, Polska",150–300 PLN,4.6,10,52.2315366,21.0152516,yelp:nailedsalons
Starbucks,"ul. Widok 26, 00-023, Warszawa",Śródmieście,+48713861687,https://www.yelp.pl/biz/starbucks-warszawa-2?adjust_creative=jzkWHrQ0ul6_pVxRueTMLg&utm_campaign=yelp_api_v3&utm_medium=api_v3_business_search&utm_source=jzkWHrQ0ul6_pVxRueTMLg,Kawa i herbata,50–150 PLN,3.7,10,52.2309685,21.0123901,yelp:nailedsalons
Stenders,"ul. Złota 59, 00-120, Warszawa",Śródmieście,+48222220833,https://www.yelp.pl/biz/stenders-warszawa?adjust_creative=jzkWHrQ0ul6_pVxRueTMLg&utm_campaign=yelp_api_v3&utm_medium=api_v3_business_search&utm_source=jzkWHrQ0ul6_pVxRueTMLg,Kosmetyki,50–150 PLN,4.0,1,52.2303,21.0006,yelp:beautysvc
Stolica,"ul. Szeroki Dunaj 1 / 3, 00-255, Warszawa",Śródmieście,+48604598764,https://www.yelp.pl/biz/stolica-warszawa-3?adjust_creative=jzkWHrQ0ul6_pVxRueTMLg&utm_campaign=yelp_api_v3&utm_medium=api_v3_business_search&utm_source=jzkWHrQ0ul6_pVxRueTMLg,Polska,,4.9,7,52.2494923155087,21.0104993920724,yelp:nailedsalons
Strefa Cięcia,"ul. Nowowiejska 10, 00-653, Warszawa",Śródmieście,+48228310071,https://www.yelp.pl/biz/strefa-ci%C4%99cia-warszawa?adjust_creative=jzkWHrQ0ul6_pVxRueTMLg&utm_campaign=yelp_api_v3&utm_medium=api_v3_business_search&utm_source=jzkWHrQ0ul6_pVxRueTMLg,Fryzjer,50–150 PLN,4.0,1,52.2200699,21.0147705,yelp:hair+yelp
Studio Fryzjerskie Kamil Malinowski,"ul. Żurawia 26, 00-515, Warszawa",Śródmieście,+48226272136,https://www.yelp.pl/biz/studio-fryzjerskie-kamil-malinowski-warszawa?adjust_creative=jzkWHrQ0ul6_pVxRueTMLg&utm_campaign=yelp_api_v3&utm_medium=api_v3_business_search&utm_source=jzkWHrQ0ul6_pVxRueTMLg,Fryzjer,,0.0,0,52.2284088,21.0146103,yelp:hair+yelp
Studio Kosmetyczne Anny Ziemieckiej,"ul. Chmielna 21, 00-021, Warszawa",Śródmieście,+48228276884,https://www.yelp.pl/biz/studio-kosmetyczne-anny-ziemieckiej-warszawa?adjust_creative=jzkWHrQ0ul6_pVxRueTMLg&utm_campaign=yelp_api_v3&utm_medium=api_v3_business_search&utm_source=jzkWHrQ0ul6_pVxRueTMLg,Fryzjer,,0.0,0,52.2322006,21.0145702,yelp:hair+yelp
Studio Laser,"al. Jerozolimskie 31 / 21, 00-508, Warszawa",Śródmieście,+48226295559,https://www.yelp.pl/biz/studio-laser-warszawa?adjust_creative=jzkWHrQ0ul6_pVxRueTMLg&utm_campaign=yelp_api_v3&utm_medium=api_v3_business_search&utm_source=jzkWHrQ0ul6_pVxRueTMLg,Depilacja laserowa,,0.0,0,52.23007,21.01395,yelp:beautysvc
Studio Paznokci My Nail,"ul. Szpitalna 6, 00-031, Warszawa",Śródmieście,+48886938666,https://www.yelp.pl/biz/studio-paznokci-my-nail-warszawa?adjust_creative=jzkWHrQ0ul6_pVxRueTMLg&utm_campaign=yelp_api_v3&utm_medium=api_v3_business_search&utm_source=jzkWHrQ0ul6_pVxRueTMLg,Manikiur i pedikiur,,2.0,1,52.2330704,21.0149803,yelp:beautysvc
Studio Tamk,"Tamka 19/29, 00-349, Warszawa",Śródmieście,+48228277036,https://www.yelp.pl/biz/studio-tamk-warszawa?adjust_creative=jzkWHrQ0ul6_pVxRueTMLg&utm_campaign=yelp_api_v3&utm_medium=api_v3_business_search&utm_source=jzkWHrQ0ul6_pVxRueTMLg,Fryzjer,,0.0,0,52.2373352,21.0264645,yelp:hair
Studio Tatuażu Moraski Mirosław,"Chmielna 21, 00-021, Warszawa",Śródmieście,+48228271480,https://www.yelp.pl/biz/studio-tatua%C5%BCu-moraski-miros%C5%82aw-warszawa?adjust_creative=jzkWHrQ0ul6_pVxRueTMLg&utm_campaign=yelp_api_v3&utm_medium=api_v3_business_search&utm_source=jzkWHrQ0ul6_pVxRueTMLg,Uroda i salony Spa,,0.0,0,52.2322006,21.0145702,yelp:beautysvc
Studio Urody Sophia,"ul. Chmielna 106, 00-801, Warszawa",Śródmieście,+48222165207,https://www.yelp.pl/biz/studio-urody-sophia-warszawa?adjust_creative=jzkWHrQ0ul6_pVxRueTMLg&utm_campaign=yelp_api_v3&utm_medium=api_v3_business_search&utm_source=jzkWHrQ0ul6_pVxRueTMLg,"Masaż, Fryzjer, Przedłużanie rzęs",,0.0,0,52.2288818,20.9985294,yelp:hair
Studio Żurawia,"ul. Żurawia 26, 00-515, Warszawa",Śródmieście,+48226221138,https://www.yelp.pl/biz/studio-%C5%BCurawia-warszawa?adjust_creative=jzkWHrQ0ul6_pVxRueTMLg&utm_campaign=yelp_api_v3&utm_medium=api_v3_business_search&utm_source=jzkWHrQ0ul6_pVxRueTMLg,Fryzjer,50–150 PLN,5.0,1,52.2284088,21.0146103,yelp:hair+yelp
Sueño Tapas Bar & Restaurant,"ul. Oboźna 9 / 100, 03-812, Warszawa",Śródmieście,+48228268317,https://www.yelp.pl/biz/sue%C3%B1o-tapas-bar-a-restaurant-warszawa?adjust_creative=jzkWHrQ0ul6_pVxRueTMLg&utm_campaign=yelp_api_v3&utm_medium=api_v3_business_search&utm_source=jzkWHrQ0ul6_pVxRueTMLg,"Tapas, Bary",50–150 PLN,4.1,23,52.238968,21.02011,yelp:nailedsalons
Sushi Zushi,"ul. Żurawia 6 / 12, 00-503, Warszawa",Śródmieście,+48224203373,https://www.yelp.pl/biz/sushi-zushi-warszawa-2?adjust_creative=jzkWHrQ0ul6_pVxRueTMLg&utm_campaign=yelp_api_v3&utm_medium=api_v3_business_search&utm_source=jzkWHrQ0ul6_pVxRueTMLg,Sushi,300+ PLN,4.3,28,52.2292514,21.018959,yelp:nailedsalons
Słoik,"ul. Złota 11, 00-019, Warszawa",Śródmieście,+48600396688,https://www.yelp.pl/biz/s%C5%82oik-warszawa?adjust_creative=jzkWHrQ0ul6_pVxRueTMLg&utm_campaign=yelp_api_v3&utm_medium=api_v3_business_search&utm_source=jzkWHrQ0ul6_pVxRueTMLg,"Cocktail bary, Polska",50–150 PLN,3.8,54,52.2322101014039,21.0111143475779,yelp:nailedsalons
Tajskie Spa,"ul. Nowy Świat 55 / 3, 00-042, Warszawa",Śródmieście,+48228281286,https://www.yelp.pl/biz/tajskie-spa-warszawa?adjust_creative=jzkWHrQ0ul6_pVxRueTMLg&utm_campaign=yelp_api_v3&utm_medium=api_v3_business_search&utm_source=jzkWHrQ0ul6_pVxRueTMLg,"Spa, Masaż",do 50 PLN,5.0,2,52.235952,21.0179249,yelp:beautysvc
Tatuażownia,"ul. Dobra 14 / 16, 00-388, Warszawa",Śródmieście,+48696603450,https://www.yelp.pl/biz/tatua%C5%BCownia-warszawa?adjust_creative=jzkWHrQ0ul6_pVxRueTMLg&utm_campaign=yelp_api_v3&utm_medium=api_v3_business_search&utm_source=jzkWHrQ0ul6_pVxRueTMLg,"Tatuaż, Kolczykowanie",,5.0,1,52.2374878,21.0295753,yelp:beautysvc
Tel Aviv Urban Food,"ul. Poznańska 11, 00-680, Warszawa",Śródmieście,+48226211128,https://www.yelp.pl/biz/tel-aviv-urban-food-warszawa-5?adjust_creative=jzkWHrQ0ul6_pVxRueTMLg&utm_campaign=yelp_api_v3&utm_medium=api_v3_business_search&utm_source=jzkWHrQ0ul6_pVxRueTMLg,"Wegetariańska, Bliskowschodnia, Śródziemnomorska",50–150 PLN,3.7,56,52.2247877677292,21.0120208245369,yelp:nailedsalons
Terra SPA,"ul. Mokotowska 57, 00-542, Warszawa",Śródmieście,+48226221417,https://www.yelp.pl/biz/terra-spa-warszawa?adjust_creative=jzkWHrQ0ul6_pVxRueTMLg&utm_campaign=yelp_api_v3&utm_medium=api_v3_business_search&utm_source=jzkWHrQ0ul6_pVxRueTMLg,Fryzjer,,0.0,0,52.2254295,21.02141,yelp:hair
Thai Me Up,"ul. Foksal 16, 00-372, Warszawa",Śródmieście,+48228261199,https://www.yelp.pl/biz/thai-me-up-warszawa?adjust_creative=jzkWHrQ0ul6_pVxRueTMLg&utm_campaign=yelp_api_v3&utm_medium=api_v3_business_search&utm_source=jzkWHrQ0ul6_pVxRueTMLg,Tajska,300+ PLN,4.6,17,52.2338721,21.0206805134918,yelp:nailedsalons
Thai Thai Warsaw,"pl. Teatralny 3, 00-077, Warszawa",Śródmieście,+48601818283,https://www.yelp.pl/biz/thai-thai-warsaw-warszawa?adjust_creative=jzkWHrQ0ul6_pVxRueTMLg&utm_campaign=yelp_api_v3&utm_medium=api_v3_business_search&utm_source=jzkWHrQ0ul6_pVxRueTMLg,Tajska,150–300 PLN,4.2,17,52.243461,21.009542,yelp:nailedsalons
The Alchemist Gastropub,"pl. Piłsudskiego 3, 00-078, Warszawa",Śródmieście,+48226280023,https://www.yelp.pl/biz/the-alchemist-gastropub-warszawa?adjust_creative=jzkWHrQ0ul6_pVxRueTMLg&utm_campaign=yelp_api_v3&utm_medium=api_v3_business_search&utm_source=jzkWHrQ0ul6_pVxRueTMLg,Gastro puby,50–150 PLN,4.1,22,52.242835,21.011893,yelp:nailedsalons
The Hermit Barber Shop,"pl. Bankowy 1, 00-139, Warszawa",Śródmieście,+48784509509,https://www.yelp.pl/biz/the-hermit-barber-shop-warszawa?adjust_creative=jzkWHrQ0ul6_pVxRueTMLg&utm_campaign=yelp_api_v3&utm_medium=api_v3_business_search&utm_source=jzkWHrQ0ul6_pVxRueTMLg,Balwierz,,0.0,0,52.24193,21.00306,yelp:barbers
The Mexican,"ul. Zgoda 6, 00-018, Warszawa",Śródmieście,+48228260009,https://www.yelp.pl/biz/the-mexican-warszawa?adjust_creative=jzkWHrQ0ul6_pVxRueTMLg&utm_campaign=yelp_api_v3&utm_medium=api_v3_business_search&utm_source=jzkWHrQ0ul6_pVxRueTMLg,"Tex-Mex, Meksykańska",50–150 PLN,3.7,26,52.2327919,21.01408,yelp:nailedsalons
Time for Wax,"ul. Kopernika 32 / 1, 00-336, Warszawa",Śródmieście,+48228260209,https://www.yelp.pl/biz/time-for-wax-warszawa-2?adjust_creative=jzkWHrQ0ul6_pVxRueTMLg&utm_campaign=yelp_api_v3&utm_medium=api_v3_business_search&utm_source=jzkWHrQ0ul6_pVxRueTMLg,"Depilacja, Kosmetyki",50–150 PLN,3.6,8,52.23739,21.02043,yelp:beautysvc
Time for Wax,"Al. Solidarności 129 / 131, 00-898, Warszawa",Śródmieście,+48226540515,https://www.yelp.pl/biz/time-for-wax-warszawa-3?adjust_creative=jzkWHrQ0ul6_pVxRueTMLg&utm_campaign=yelp_api_v3&utm_medium=api_v3_business_search&utm_source=jzkWHrQ0ul6_pVxRueTMLg,Woskowanie ,,5.0,1,52.2453865,21.0041734,yelp:beautysvc
To Lubię,"ul. Freta 10, 00-227, Warszawa",Śródmieście,+48226359023,https://www.yelp.pl/biz/to-lubi%C4%99-warszawa-2?adjust_creative=jzkWHrQ0ul6_pVxRueTMLg&utm_campaign=yelp_api_v3&utm_medium=api_v3_business_search&utm_source=jzkWHrQ0ul6_pVxRueTMLg,"Kawa i herbata, Kawiarnie, Śniadanie i brunch",do 50 PLN,4.5,48,52.251054,21.0092013177909,yelp:nailedsalons
To To Pho,"ul. Widok 16, 00-023, Warszawa",Śródmieście,+48534078036,https://www.yelp.pl/biz/to-to-pho-warszawa-2?adjust_creative=jzkWHrQ0ul6_pVxRueTMLg&utm_campaign=yelp_api_v3&utm_medium=api_v3_business_search&utm_source=jzkWHrQ0ul6_pVxRueTMLg,Wietnamska,,5.0,1,52.23129,21.013877,yelp:nailedsalons
Toan Pho,"ul. Chmielna 5 / 4, 00-021, Warszawa",Śródmieście,+48888147307,https://www.yelp.pl/biz/toan-pho-warszawa?adjust_creative=jzkWHrQ0ul6_pVxRueTMLg&utm_campaign=yelp_api_v3&utm_medium=api_v3_business_search&utm_source=jzkWHrQ0ul6_pVxRueTMLg,Wietnamska,do 50 PLN,3.6,26,52.2329903,21.0183907,yelp:nailedsalons
Touché Tattoo,"ul. Krucza 47A / 3, 00-509, Warszawa",Śródmieście,+48536130013,https://www.yelp.pl/biz/touch%C3%A9-tattoo-warszawa?adjust_creative=jzkWHrQ0ul6_pVxRueTMLg&utm_campaign=yelp_api_v3&utm_medium=api_v3_business_search&utm_source=jzkWHrQ0ul6_pVxRueTMLg,Tatuaż,,5.0,1,52.230223,21.016414,yelp:beautysvc
Trattoria Chianti,"ul. Foksal 17, 00-372, Warszawa",Śródmieście,+48228280222,https://www.yelp.pl/biz/trattoria-chianti-warszawa?adjust_creative=jzkWHrQ0ul6_pVxRueTMLg&utm_campaign=yelp_api_v3&utm_medium=api_v3_business_search&utm_source=jzkWHrQ0ul6_pVxRueTMLg,Włoska,300+ PLN,4.1,14,52.233422,21.0206379,yelp:nailedsalons
Trattoria Da Antonio,"ul. Żurawia 16 / 20, 00-343, Warszawa",Śródmieście,+48226255417,https://www.yelp.pl/biz/trattoria-da-antonio-warszawa?adjust_creative=jzkWHrQ0ul6_pVxRueTMLg&utm_campaign=yelp_api_v3&utm_medium=api_v3_business_search&utm_source=jzkWHrQ0ul6_pVxRueTMLg,Włoska,50–150 PLN,3.9,12,52.2288025,21.0168126,yelp:nailedsalons
Trattoria Rucola,"ul. Miodowa 1, 00-080, Warszawa",Śródmieście,+48888575457,https://www.yelp.pl/biz/trattoria-rucola-warszawa-3?adjust_creative=jzkWHrQ0ul6_pVxRueTMLg&utm_campaign=yelp_api_v3&utm_medium=api_v3_business_search&utm_source=jzkWHrQ0ul6_pVxRueTMLg,"Włoska, Pizza",50–150 PLN,4.3,39,52.24598,21.0132,yelp:nailedsalons
Trattoria Rucola,"ul. Krucza 6 / 14, 00-548, Warszawa",Śródmieście,+48224651836,https://www.yelp.pl/biz/trattoria-rucola-warszawa-2?adjust_creative=jzkWHrQ0ul6_pVxRueTMLg&utm_campaign=yelp_api_v3&utm_medium=api_v3_business_search&utm_source=jzkWHrQ0ul6_pVxRueTMLg,"Pizza, Włoska",50–150 PLN,4.2,23,52.2254622218955,21.0193429887536,yelp:nailedsalons
Tresa Kijanowska Mieczysława Kamaszewska Kazimiera,"Nowogrodzka 10, 00-511, Warszawa",Śródmieście,+48226254897,https://www.yelp.pl/biz/tresa-kijanowska-mieczys%C5%82awa-kamaszewska-kazimiera-warszawa?adjust_creative=jzkWHrQ0ul6_pVxRueTMLg&utm_campaign=yelp_api_v3&utm_medium=api_v3_business_search&utm_source=jzkWHrQ0ul6_pVxRueTMLg,Uroda i salony Spa,,0.0,0,52.2298088,21.0163803,yelp:beautysvc
Tresa Salon Fryzjersko-perukarski,"ul. Krucza 47, 00-509, Warszawa",Śródmieście,+48503076497,https://www.yelp.pl/biz/tresa-salon-fryzjersko-perukarski-warszawa?adjust_creative=jzkWHrQ0ul6_pVxRueTMLg&utm_campaign=yelp_api_v3&utm_medium=api_v3_business_search&utm_source=jzkWHrQ0ul6_pVxRueTMLg,"Fryzjer, Manikiur i pedikiur",,0.0,0,52.2301788,21.0162907,yelp:hair
Trichomed Warszawa,"ul. Śniadeckich 17A / 15, 00-654, Warszawa",Śródmieście,+48692453075,https://www.yelp.pl/biz/trichomed-warszawa-warszawa?adjust_creative=jzkWHrQ0ul6_pVxRueTMLg&utm_campaign=yelp_api_v3&utm_medium=api_v3_business_search&utm_source=jzkWHrQ0ul6_pVxRueTMLg,"Centra leczenia łysienia, Chirurdzy kosmetyczni",,4.0,1,52.22064,21.01375,yelp:beautysvc
U Fryzjerów Andersa,"ul. Andersa 13, 00-159, Warszawa",Śródmieście,+48500754100,https://www.yelp.pl/biz/u-fryzjer%C3%B3w-andersa-warszawa?adjust_creative=jzkWHrQ0ul6_pVxRueTMLg&utm_campaign=yelp_api_v3&utm_medium=api_v3_business_search&utm_source=jzkWHrQ0ul6_pVxRueTMLg,"Fryzjer, Makijażyści",50–150 PLN,0.0,0,52.247838,20.99679,yelp:makeupartists
Uki Uki,"ul. Krucza 23 / 31, 00-525, Warszawa",Śródmieście,+48224282696,https://www.yelp.pl/biz/uki-uki-warszawa?adjust_creative=jzkWHrQ0ul6_pVxRueTMLg&utm_campaign=yelp_api_v3&utm_medium=api_v3_business_search&utm_source=jzkWHrQ0ul6_pVxRueTMLg,"Sushi, Ramen",50–150 PLN,4.3,59,52.227414,21.017567,yelp:nailedsalons
Undercut Barber Shop,"ul. Wilcza 42, 00-679, Warszawa",Śródmieście,+48506965575,https://www.yelp.pl/biz/undercut-barber-shop-warszawa?adjust_creative=jzkWHrQ0ul6_pVxRueTMLg&utm_campaign=yelp_api_v3&utm_medium=api_v3_business_search&utm_source=jzkWHrQ0ul6_pVxRueTMLg,Balwierz,,3.0,2,52.2244931320115,21.0134322568774,yelp:beautysvc+yelp
Urok Natury,"ul. Koszykowa 30, 00-553, Warszawa",Śródmieście,+48883583616,https://www.yelp.pl/biz/urok-natury-warszawa?adjust_creative=jzkWHrQ0ul6_pVxRueTMLg&utm_campaign=yelp_api_v3&utm_medium=api_v3_business_search&utm_source=jzkWHrQ0ul6_pVxRueTMLg,"Depilacja, Masaż, Pielęgnacja skóry",50–150 PLN,5.0,1,52.2224164724626,21.0177748601188,yelp:beautysvc+yelp
Usługi Fryzjerskie Usługi Kosmetyczne Samul Grażyna,"ul. Krucza 46 / 68, 00-509, Warszawa",Śródmieście,+48226653514,https://www.yelp.pl/biz/us%C5%82ugi-fryzjerskie-us%C5%82ugi-kosmetyczne-samul-gra%C5%BCyna-warszawa?adjust_creative=jzkWHrQ0ul6_pVxRueTMLg&utm_campaign=yelp_api_v3&utm_medium=api_v3_business_search&utm_source=jzkWHrQ0ul6_pVxRueTMLg,Fryzjer,,0.0,0,52.2302017,21.0169697,yelp:hair
Vapiano,"Al. Jerozolimskie 63, 00-697, Warszawa",Śródmieście,+48228524965,https://www.yelp.pl/biz/vapiano-warszawa-2?adjust_creative=jzkWHrQ0ul6_pVxRueTMLg&utm_campaign=yelp_api_v3&utm_medium=api_v3_business_search&utm_source=jzkWHrQ0ul6_pVxRueTMLg,"Włoska, Kafeteria",50–150 PLN,3.6,39,52.2283249,21.0055656,yelp:nailedsalons
Vege Miasto,"al. Solidarności 60A, Warszawa",Śródmieście,+48222510525,https://www.yelp.pl/biz/vege-miasto-warszawa-2?adjust_creative=jzkWHrQ0ul6_pVxRueTMLg&utm_campaign=yelp_api_v3&utm_medium=api_v3_business_search&utm_source=jzkWHrQ0ul6_pVxRueTMLg,"Wegańska, Wegetariańska, Bezglutenowa",50–150 PLN,4.4,39,52.245993,21.004986,yelp:nailedsalons
Vincent,"ul. Nowy Świat 64, 00-357, Warszawa",Śródmieście,+48228280115,https://www.yelp.pl/biz/vincent-warszawa?adjust_creative=jzkWHrQ0ul6_pVxRueTMLg&utm_campaign=yelp_api_v3&utm_medium=api_v3_business_search&utm_source=jzkWHrQ0ul6_pVxRueTMLg,"Ciastka, Piekarnie, Kawiarnie",50–150 PLN,4.0,28,52.23641,21.01839,yelp:nailedsalons
Vis-à-Vis,"ul. Nowogrodzka 40, 00-691, Warszawa",Śródmieście,+48222438978,https://www.yelp.pl/biz/vis-%C3%A0-vis-warszawa-5?adjust_creative=jzkWHrQ0ul6_pVxRueTMLg&utm_campaign=yelp_api_v3&utm_medium=api_v3_business_search&utm_source=jzkWHrQ0ul6_pVxRueTMLg,"Kawiarnie, Bary, Polska",,5.0,1,52.2285199877388,21.0106184643373,yelp:nailedsalons
Warszawa Powiśle,"ul. Kruczkowskiego 3B, 00-380, Warszawa",Śródmieście,+48224744084,https://www.yelp.pl/biz/warszawa-powi%C5%9Ble-warszawa?adjust_creative=jzkWHrQ0ul6_pVxRueTMLg&utm_campaign=yelp_api_v3&utm_medium=api_v3_business_search&utm_source=jzkWHrQ0ul6_pVxRueTMLg,"Bary, Kawiarnie, Pierogi",do 50 PLN,4.1,19,52.23413,21.02992,yelp:nailedsalons
Warszawska Izba Lordów,"ul. Wspólna 63B / 1, 00-687, Warszawa",Śródmieście,+48224000005,https://www.yelp.pl/biz/warszawska-izba-lord%C3%B3w-warszawa?adjust_creative=jzkWHrQ0ul6_pVxRueTMLg&utm_campaign=yelp_api_v3&utm_medium=api_v3_business_search&utm_source=jzkWHrQ0ul6_pVxRueTMLg,Balwierz,50–150 PLN,5.0,2,52.2260599,21.009,yelp:beautysvc+yelp
Wax Clinic,"ul. Sienkiewicza 12 / 14, 00-944, Warszawa",Śródmieście,+48575770019,https://www.yelp.pl/biz/wax-clinic-warszawa?adjust_creative=jzkWHrQ0ul6_pVxRueTMLg&utm_campaign=yelp_api_v3&utm_medium=api_v3_business_search&utm_source=jzkWHrQ0ul6_pVxRueTMLg,Woskowanie ,,5.0,1,52.2339742,21.0101853,yelp:beautysvc
Weles,"ul. Nowogrodzka 11, 00-513, Warszawa",Śródmieście,+48602773997,https://www.yelp.pl/biz/weles-warszawa?adjust_creative=jzkWHrQ0ul6_pVxRueTMLg&utm_campaign=yelp_api_v3&utm_medium=api_v3_business_search&utm_source=jzkWHrQ0ul6_pVxRueTMLg,Cocktail bary,150–300 PLN,4.8,11,52.2298,21.01767,yelp:nailedsalons
Wilcza 50,"ul. Wilcza 50 / 52, 00-679, Warszawa",Śródmieście,+48226230290,https://www.yelp.pl/biz/wilcza-50-warszawa?adjust_creative=jzkWHrQ0ul6_pVxRueTMLg&utm_campaign=yelp_api_v3&utm_medium=api_v3_business_search&utm_source=jzkWHrQ0ul6_pVxRueTMLg,"Śródziemnomorska, Nowoczesna europejska, Kawiarnie",300+ PLN,4.6,20,52.224379,21.011994,yelp:nailedsalons
Woda Ognista,"ul. Wilcza 8, 00-532, Warszawa",Śródmieście,+48222581441,https://www.yelp.pl/biz/woda-ognista-warszawa?adjust_creative=jzkWHrQ0ul6_pVxRueTMLg&utm_campaign=yelp_api_v3&utm_medium=api_v3_business_search&utm_source=jzkWHrQ0ul6_pVxRueTMLg,"Cocktail bary, Polska",50–150 PLN,4.8,4,52.2261971358034,21.0212690010667,yelp:nailedsalons
Yakuza,"ul. Bracka 23 / 52, 00-021, Warszawa",Śródmieście,+48228271480,https://www.yelp.pl/biz/yakuza-warszawa?adjust_creative=jzkWHrQ0ul6_pVxRueTMLg&utm_campaign=yelp_api_v3&utm_medium=api_v3_business_search&utm_source=jzkWHrQ0ul6_pVxRueTMLg,"Tatuaż, Kolczykowanie",50–150 PLN,3.5,2,52.2318802,21.0155506,yelp:beautysvc
Zakład Fryzjerski Henryk Szepietowski,"ul. Królewska 2, 00-065, Warszawa",Śródmieście,+48607685340,https://www.yelp.pl/biz/zak%C5%82ad-fryzjerski-henryk-szepietowski-warszawa?adjust_creative=jzkWHrQ0ul6_pVxRueTMLg&utm_campaign=yelp_api_v3&utm_medium=api_v3_business_search&utm_source=jzkWHrQ0ul6_pVxRueTMLg,Balwierz,do 50 PLN,3.3,3,52.2408295,21.0151901,yelp:beautysvc+yelp
Zakład Fryzjerski Marian Dorociński,"ul. Poznańska 37, 00-689, Warszawa",Śródmieście,+48226294451,https://www.yelp.pl/biz/zak%C5%82ad-fryzjerski-marian-doroci%C5%84ski-warszawa-2?adjust_creative=jzkWHrQ0ul6_pVxRueTMLg&utm_campaign=yelp_api_v3&utm_medium=api_v3_business_search&utm_source=jzkWHrQ0ul6_pVxRueTMLg,Fryzjer,,4.0,1,52.2287483,21.0098209,yelp:hair+yelp
Zapiecek,"Al. Jerozolimskie 28, 00-985, Warszawa",Śródmieście,+48228267484,https://www.yelp.pl/biz/zapiecek-warszawa-4?adjust_creative=jzkWHrQ0ul6_pVxRueTMLg&utm_campaign=yelp_api_v3&utm_medium=api_v3_business_search&utm_source=jzkWHrQ0ul6_pVxRueTMLg,Polska,50–150 PLN,4.1,86,52.2317144289146,21.0193267134919,yelp:nailedsalons
Zapiecek,"ul. Świętojańska 13, 00-266, Warszawa",Śródmieście,+48226356109,https://www.yelp.pl/biz/zapiecek-warszawa-3?adjust_creative=jzkWHrQ0ul6_pVxRueTMLg&utm_campaign=yelp_api_v3&utm_medium=api_v3_business_search&utm_source=jzkWHrQ0ul6_pVxRueTMLg,Polska,50–150 PLN,4.2,98,52.2485088367752,21.013231953373,yelp:nailedsalons
Zapiecek,"ul. Nowy Świat 64, 00-357, Warszawa",Śródmieście,+48226924135,https://www.yelp.pl/biz/zapiecek-warszawa-11?adjust_creative=jzkWHrQ0ul6_pVxRueTMLg&utm_campaign=yelp_api_v3&utm_medium=api_v3_business_search&utm_source=jzkWHrQ0ul6_pVxRueTMLg,Polska,do 50 PLN,4.0,47,52.23659,21.018273,yelp:nailedsalons
Zaścianek,"ul. Nowogrodzka 40, 00-691, Warszawa",Śródmieście,+48226218431,https://www.yelp.pl/biz/za%C5%9Bcianek-warszawa?adjust_creative=jzkWHrQ0ul6_pVxRueTMLg&utm_campaign=yelp_api_v3&utm_medium=api_v3_business_search&utm_source=jzkWHrQ0ul6_pVxRueTMLg,Polska,50–150 PLN,4.3,4,52.2286602986842,21.0101294517517,yelp:nailedsalons
Ziaja,"Plac Unii City Shopping, 02-566, Warszawa",Śródmieście,+48609328424,https://www.yelp.pl/biz/ziaja-warszawa-4?adjust_creative=jzkWHrQ0ul6_pVxRueTMLg&utm_campaign=yelp_api_v3&utm_medium=api_v3_business_search&utm_source=jzkWHrQ0ul6_pVxRueTMLg,Kosmetyki,,5.0,1,52.2127029699733,21.0197921097279,yelp:beautysvc
Zielarnia,"ul. Hoża 5/7, 00-528, Warszawa",Śródmieście,+48226292444,https://www.yelp.pl/biz/zielarnia-warszawa?adjust_creative=jzkWHrQ0ul6_pVxRueTMLg&utm_campaign=yelp_api_v3&utm_medium=api_v3_business_search&utm_source=jzkWHrQ0ul6_pVxRueTMLg,Kosmetyki,do 50 PLN,4.3,3,52.2274895,21.0207291,yelp:beautysvc
ŚwiatZapachów,"Aleje Jerozolimskie 54, Warszawa",Śródmieście,+48600950312,https://www.yelp.pl/biz/%C5%9Bwiatzapach%C3%B3w-warszawa?adjust_creative=jzkWHrQ0ul6_pVxRueTMLg&utm_campaign=yelp_api_v3&utm_medium=api_v3_business_search&utm_source=jzkWHrQ0ul6_pVxRueTMLg,Kosmetyki,,4.0,1,52.2281151,21.0024204,yelp:beautysvc
Żebra  i Kości,"ul. Poznańska 38, 00-689, Warszawa",Śródmieście,+48225363327,https://www.yelp.pl/biz/%C5%BCebra-i-ko%C5%9Bci-warszawa?adjust_creative=jzkWHrQ0ul6_pVxRueTMLg&utm_campaign=yelp_api_v3&utm_medium=api_v3_business_search&utm_source=jzkWHrQ0ul6_pVxRueTMLg,"Nowoczesna europejska, Polska",,3.5,4,52.22883,21.01007,yelp:nailedsalons
Depiclinic,"al. Jana Pawła II 80 / 19, 00-175, Warszawa",Żoliborz,+48690979179,https://www.yelp.pl/biz/depiclinic-warszawa?adjust_creative=jzkWHrQ0ul6_pVxRueTMLg&utm_campaign=yelp_api_v3&utm_medium=api_v3_business_search&utm_source=jzkWHrQ0ul6_pVxRueTMLg,"Depilacja laserowa, Ośrodki odchudzania, Pielęgnacja skóry",50–150 PLN,5.0,1,52.25378,20.98399,yelp:beautysvc+yelp
Ferajna,"ul. Andersa 6, 00-201, Warszawa",Żoliborz,+48502997666,https://www.yelp.pl/biz/ferajna-warszawa?adjust_creative=jzkWHrQ0ul6_pVxRueTMLg&utm_campaign=yelp_api_v3&utm_medium=api_v3_business_search&utm_source=jzkWHrQ0ul6_pVxRueTMLg,"Tatuaż, Balwierz",,5.0,1,52.249622,20.999299,yelp:beautysvc+yelp
Freta 33,"ul. Freta 33 / 35, 00-227, Warszawa",Żoliborz,+48226350931,https://www.yelp.pl/biz/freta-33-warszawa?adjust_creative=jzkWHrQ0ul6_pVxRueTMLg&utm_campaign=yelp_api_v3&utm_medium=api_v3_business_search&utm_source=jzkWHrQ0ul6_pVxRueTMLg,Polska,,4.7,11,52.25255,21.00737,yelp:nailedsalons
Fryzjer Męski,"ul. Cieszkowskiego 1/3, 01-636, Warszawa",Żoliborz,+48228398798,https://www.yelp.pl/biz/fryzjer-m%C4%99ski-warszawa-2?adjust_creative=jzkWHrQ0ul6_pVxRueTMLg&utm_campaign=yelp_api_v3&utm_medium=api_v3_business_search&utm_source=jzkWHrQ0ul6_pVxRueTMLg,Balwierz,,3.0,1,52.2707481,20.9812298,yelp:barbers
Hair Spot,"ul. Andersa 18, 00-201, Warszawa",Żoliborz,+48500200902,https://www.yelp.pl/biz/hair-spot-warszawa?adjust_creative=jzkWHrQ0ul6_pVxRueTMLg&utm_campaign=yelp_api_v3&utm_medium=api_v3_business_search&utm_source=jzkWHrQ0ul6_pVxRueTMLg,Fryzjer,,5.0,1,52.25174,20.99881,yelp:hair+yelp
La Grace Centrum Zdrowia i Urody,"ul. Andersa 25, 00-159, Warszawa",Żoliborz,+48226358389,https://www.yelp.pl/biz/la-grace-centrum-zdrowia-i-urody-warszawa?adjust_creative=jzkWHrQ0ul6_pVxRueTMLg&utm_campaign=yelp_api_v3&utm_medium=api_v3_business_search&utm_source=jzkWHrQ0ul6_pVxRueTMLg,Pielęgnacja skóry,,0.0,0,52.2514915,20.9978409,yelp:skincare
Mamaison Hotel Le Regina Warsaw,"ul. Kościelna 12, 00-218, Warszawa",Żoliborz,+48225316000,https://www.yelp.pl/biz/mamaison-hotel-le-regina-warsaw-warszawa?adjust_creative=jzkWHrQ0ul6_pVxRueTMLg&utm_campaign=yelp_api_v3&utm_medium=api_v3_business_search&utm_source=jzkWHrQ0ul6_pVxRueTMLg,"Masaż, Spa",150–300 PLN,5.0,1,52.253728,21.007526,yelp:beautysvc
New Body Clinic,"ul. Duchnicka 3, 01-796, Warszawa",Żoliborz,+48223225055,https://www.yelp.pl/biz/new-body-clinic-warszawa?adjust_creative=jzkWHrQ0ul6_pVxRueTMLg&utm_campaign=yelp_api_v3&utm_medium=api_v3_business_search&utm_source=jzkWHrQ0ul6_pVxRueTMLg,"Masaż, Manikiur i pedikiur, Przedłużanie rzęs",150–300 PLN,4.5,2,52.2569548913753,20.9710121154785,yelp:beautysvc
Pretty Pretty,"ul. Bytomska 3 / 2A, 01-612, Warszawa",Żoliborz,+48792008002,https://www.yelp.pl/biz/pretty-pretty-warszawa?adjust_creative=jzkWHrQ0ul6_pVxRueTMLg&utm_campaign=yelp_api_v3&utm_medium=api_v3_business_search&utm_source=jzkWHrQ0ul6_pVxRueTMLg,"Pielęgnacja skóry, Masaż, Manikiur i pedikiur",,0.0,0,52.2732811,20.9838791,yelp:skincare
Salon Fryzjerski Krzysztof,"ul. Krasińskiego 20, 01-566, Warszawa",Żoliborz,+48228338492,https://www.yelp.pl/biz/salon-fryzjerski-krzysztof-warszawa?adjust_creative=jzkWHrQ0ul6_pVxRueTMLg&utm_campaign=yelp_api_v3&utm_medium=api_v3_business_search&utm_source=jzkWHrQ0ul6_pVxRueTMLg,"Balwierz, Fryzjer",150–300 PLN,3.5,2,52.266861,20.9777699,yelp:hair+yelp
Sharley Medical SPA,"Aleja Jana Pawła II 75, 01-038, Warszawa",Żoliborz,+48226364666,https://www.yelp.pl/biz/sharley-medical-spa-warszawa?adjust_creative=jzkWHrQ0ul6_pVxRueTMLg&utm_campaign=yelp_api_v3&utm_medium=api_v3_business_search&utm_source=jzkWHrQ0ul6_pVxRueTMLg,Pielęgnacja skóry,300+ PLN,3.2,6,52.2529984,20.9830608,yelp:skincare
SkinClinic,"ul. Stawki 4B, 00-193, Warszawa",Żoliborz,+48224244646,https://www.yelp.pl/biz/skinclinic-warszawa-2?adjust_creative=jzkWHrQ0ul6_pVxRueTMLg&utm_campaign=yelp_api_v3&utm_medium=api_v3_business_search&utm_source=jzkWHrQ0ul6_pVxRueTMLg,"Makijażyści, Spa medyczne",,0.0,0,52.2537918,20.9921303,yelp:makeupartists
Studio Urody Santi Ewa Neumann,"ul. Inflancka 8, 00-189, Warszawa",Żoliborz,+48228874135,https://www.yelp.pl/biz/studio-urody-santi-ewa-neumann-warszawa?adjust_creative=jzkWHrQ0ul6_pVxRueTMLg&utm_campaign=yelp_api_v3&utm_medium=api_v3_business_search&utm_source=jzkWHrQ0ul6_pVxRueTMLg,"Kosmetyki, Fryzjer",,0.0,0,52.2551498,20.9890099,yelp:hair+yelp
Zapiecek,"ul. Freta 18, Warszawa",Żoliborz,+48226357959,https://www.yelp.pl/biz/zapiecek-warszawa-5?adjust_creative=jzkWHrQ0ul6_pVxRueTMLg&utm_campaign=yelp_api_v3&utm_medium=api_v3_business_search&utm_source=jzkWHrQ0ul6_pVxRueTMLg,Pierogi,50–150 PLN,4.8,5,52.251527941643,21.0082352693899,yelp:nailedsalons
